Tablas vaciadas (truncate).
  ... 2000 canciones, 11785 chunks
  ... 4000 canciones, 23662 chunks
  ... 6000 canciones, 35660 chunks
  ... 8000 canciones, 47113 chunks
  ... 10000 canciones, 58988 chunks
  ... 12000 canciones, 72026 chunks
  ... 14000 canciones, 84604 chunks
  ... 16000 canciones, 97164 chunks
Pasada 1: 16438 canciones, 100000 chunks (estrofas).
Codebook entrenado (id=1, 5000 términos) -> models\text\codebook_text.json
codewords_text: 5000 términos con IDF (N=100000).
Pasada 2: insertados 100000 chunks (+ histogramas + tsv).
===== RESUME 100k dom 05/07/2026 13:35:20.14 ===== 
Imágenes candidatas: 11667 | rejilla 3x3 | k=256 | presupuesto de chunks: 100000
Etiquetas de styles.csv: 44446 productos (articleType).
Pasada 1: 189 imágenes, 1004727 descriptores SIFT para entrenamiento (90.2s).
Codebook entrenado (id=2, 256 visual words) -> models\image\codebook_image.npy
  [200 imgs] 1800 chunks | 11 chunks/s | ETA 147.6 min
  [400 imgs] 3600 chunks | 11 chunks/s | ETA 147.4 min
  [600 imgs] 5400 chunks | 11 chunks/s | ETA 145.4 min
  [800 imgs] 7200 chunks | 11 chunks/s | ETA 143.2 min
  [1000 imgs] 9000 chunks | 11 chunks/s | ETA 141.2 min
  [1200 imgs] 10800 chunks | 11 chunks/s | ETA 137.6 min
  [1400 imgs] 12600 chunks | 11 chunks/s | ETA 135.5 min
  [1600 imgs] 14400 chunks | 11 chunks/s | ETA 133.4 min
  [1800 imgs] 16200 chunks | 11 chunks/s | ETA 131.2 min
  [2000 imgs] 18000 chunks | 11 chunks/s | ETA 128.3 min
  [2200 imgs] 19800 chunks | 11 chunks/s | ETA 126.0 min
  [2400 imgs] 21600 chunks | 11 chunks/s | ETA 123.6 min
  [2600 imgs] 23400 chunks | 11 chunks/s | ETA 121.0 min
  [2800 imgs] 25200 chunks | 11 chunks/s | ETA 118.0 min
  [3000 imgs] 27000 chunks | 11 chunks/s | ETA 115.3 min
  [3200 imgs] 28800 chunks | 11 chunks/s | ETA 112.8 min
  [3400 imgs] 30600 chunks | 10 chunks/s | ETA 110.4 min
  [3600 imgs] 32400 chunks | 10 chunks/s | ETA 107.8 min
  [3800 imgs] 34200 chunks | 10 chunks/s | ETA 104.7 min
  [4000 imgs] 36000 chunks | 10 chunks/s | ETA 102.1 min
  [4200 imgs] 37800 chunks | 10 chunks/s | ETA 99.3 min
  [4400 imgs] 39600 chunks | 10 chunks/s | ETA 96.4 min
  [4600 imgs] 41400 chunks | 10 chunks/s | ETA 93.5 min
  [4800 imgs] 43200 chunks | 10 chunks/s | ETA 90.6 min
  [5000 imgs] 45000 chunks | 11 chunks/s | ETA 87.2 min
  [5200 imgs] 46800 chunks | 11 chunks/s | ETA 84.4 min
  [5400 imgs] 48600 chunks | 11 chunks/s | ETA 81.4 min
  [5600 imgs] 50400 chunks | 11 chunks/s | ETA 78.7 min
  [5800 imgs] 52200 chunks | 10 chunks/s | ETA 76.0 min
  [6000 imgs] 54000 chunks | 11 chunks/s | ETA 73.0 min
  [6200 imgs] 55800 chunks | 10 chunks/s | ETA 70.2 min
  [6400 imgs] 57600 chunks | 11 chunks/s | ETA 67.3 min
  [6600 imgs] 59400 chunks | 11 chunks/s | ETA 64.4 min
  [6800 imgs] 61200 chunks | 11 chunks/s | ETA 61.5 min
  [7000 imgs] 63000 chunks | 11 chunks/s | ETA 58.7 min
  [7200 imgs] 64800 chunks | 10 chunks/s | ETA 55.9 min
  [7400 imgs] 66600 chunks | 10 chunks/s | ETA 53.1 min
  [7600 imgs] 68400 chunks | 10 chunks/s | ETA 50.2 min
  [7800 imgs] 70200 chunks | 10 chunks/s | ETA 47.4 min
  [8000 imgs] 72000 chunks | 10 chunks/s | ETA 44.6 min
  [8200 imgs] 73800 chunks | 10 chunks/s | ETA 41.8 min
  [8400 imgs] 75600 chunks | 10 chunks/s | ETA 38.9 min
  [8600 imgs] 77400 chunks | 10 chunks/s | ETA 36.0 min
  [8800 imgs] 79200 chunks | 10 chunks/s | ETA 33.2 min
  [9000 imgs] 81000 chunks | 10 chunks/s | ETA 30.4 min
  [9200 imgs] 82800 chunks | 10 chunks/s | ETA 27.5 min
  [9400 imgs] 84600 chunks | 10 chunks/s | ETA 24.5 min
  [9600 imgs] 86400 chunks | 10 chunks/s | ETA 21.6 min
  [9800 imgs] 88200 chunks | 10 chunks/s | ETA 18.8 min
  [10000 imgs] 90000 chunks | 10 chunks/s | ETA 15.9 min
  [10200 imgs] 91800 chunks | 10 chunks/s | ETA 13.0 min
  [10400 imgs] 93600 chunks | 11 chunks/s | ETA 10.1 min
  [10600 imgs] 95400 chunks | 11 chunks/s | ETA 7.3 min
  [10800 imgs] 97200 chunks | 11 chunks/s | ETA 4.4 min
  [11000 imgs] 99000 chunks | 11 chunks/s | ETA 1.6 min

=== REPORTE DE INGESTA (imagen) ===
Tiempo pasada 2       : 158.23 min
Imágenes insertadas   : 11112
Imágenes ilegibles    : 0
Chunks insertados     : 100000
Construyendo índice (image) del codebook id=2...

--- ÍNDICE CONSTRUIDO ---
Chunks indexados     : 100000
Términos/visual words: 256
Postings totales     : 8656147
Tiempo de build      : 8331.1 ms
Tiempo de guardado   : 4347.6 ms
Tamaño en disco      : 123.61 MB
Guardado en          : models\image\index_image.pkl
[INFO] Chunks de 'image' en la BD: 100000 (escala declarada: 100k = 100000)
[INFO] Etiquetas de relevancia: 11112 sources, 78 clases.
[INFO] --queries vacío. Muestreando 5 consultas de la BD...
[INFO] Consultas seleccionadas: ['data\\raw\\fashion-dataset\\images\\2001.jpg', 'data\\raw\\fashion-dataset\\images\\21698.jpg', 'data\\raw\\fashion-dataset\\images\\12180.jpg', 'data\\raw\\fashion-dataset\\images\\16427.jpg', 'data\\raw\\fashion-dataset\\images\\14512.jpg']

[INFO] Iniciando evaluación: 15 ejecuciones (5 consultas × 3 runs)
[INFO] Resultados ? results\100k\results_100k_image_20260705_161539.csv

  ? [IMAGE] run=1 | q='data\\raw\\fashion-dataset\\images\\2001.jpg'
     [VERIFICACIÓN] Índices usados por el Lado B (EXPLAIN): {'hnsw': ['idx_emb_image_hnsw']}
     Lado A: 10582.3 ms | Lado B: 97.4 ms | P@10 A/B: 0.00/0.00 | RR A/B: 1.00/1.00 | overlap: 100.00%
  ? [IMAGE] run=2 | q='data\\raw\\fashion-dataset\\images\\2001.jpg'
     Lado A: 9080.9 ms | Lado B: 66.5 ms | P@10 A/B: 0.00/0.00 | RR A/B: 1.00/1.00 | overlap: 100.00%
  ? [IMAGE] run=3 | q='data\\raw\\fashion-dataset\\images\\2001.jpg'
     Lado A: 9624.1 ms | Lado B: 60.8 ms | P@10 A/B: 0.00/0.00 | RR A/B: 1.00/1.00 | overlap: 100.00%
  ? [IMAGE] run=1 | q='data\\raw\\fashion-dataset\\images\\21698.jpg'
     Lado A: 21110.3 ms | Lado B: 87.0 ms | P@10 A/B: 1.00/1.00 | RR A/B: 1.00/1.00 | overlap: 100.00%
  ? [IMAGE] run=2 | q='data\\raw\\fashion-dataset\\images\\21698.jpg'
     Lado A: 15426.5 ms | Lado B: 63.1 ms | P@10 A/B: 1.00/1.00 | RR A/B: 1.00/1.00 | overlap: 100.00%
  ? [IMAGE] run=3 | q='data\\raw\\fashion-dataset\\images\\21698.jpg'
     Lado A: 14709.8 ms | Lado B: 59.1 ms | P@10 A/B: 1.00/1.00 | RR A/B: 1.00/1.00 | overlap: 100.00%
  ? [IMAGE] run=1 | q='data\\raw\\fashion-dataset\\images\\12180.jpg'
     Lado A: 14374.8 ms | Lado B: 107.0 ms | P@10 A/B: 0.89/0.89 | RR A/B: 1.00/1.00 | overlap: 100.00%
  ? [IMAGE] run=2 | q='data\\raw\\fashion-dataset\\images\\12180.jpg'
     Lado A: 14348.9 ms | Lado B: 72.5 ms | P@10 A/B: 0.89/0.89 | RR A/B: 1.00/1.00 | overlap: 100.00%
  ? [IMAGE] run=3 | q='data\\raw\\fashion-dataset\\images\\12180.jpg'
     Lado A: 13153.5 ms | Lado B: 61.4 ms | P@10 A/B: 0.89/0.89 | RR A/B: 1.00/1.00 | overlap: 100.00%
  ? [IMAGE] run=1 | q='data\\raw\\fashion-dataset\\images\\16427.jpg'
     Lado A: 6139.5 ms | Lado B: 156.9 ms | P@10 A/B: 0.11/0.11 | RR A/B: 1.00/1.00 | overlap: 80.00%
  ? [IMAGE] run=2 | q='data\\raw\\fashion-dataset\\images\\16427.jpg'
     Lado A: 6262.1 ms | Lado B: 63.5 ms | P@10 A/B: 0.11/0.11 | RR A/B: 1.00/1.00 | overlap: 80.00%
  ? [IMAGE] run=3 | q='data\\raw\\fashion-dataset\\images\\16427.jpg'
     Lado A: 6290.6 ms | Lado B: 63.7 ms | P@10 A/B: 0.11/0.11 | RR A/B: 1.00/1.00 | overlap: 80.00%
  ? [IMAGE] run=1 | q='data\\raw\\fashion-dataset\\images\\14512.jpg'
     Lado A: 9608.5 ms | Lado B: 101.5 ms | P@10 A/B: 0.67/0.67 | RR A/B: 1.00/1.00 | overlap: 100.00%
  ? [IMAGE] run=2 | q='data\\raw\\fashion-dataset\\images\\14512.jpg'
     Lado A: 9040.0 ms | Lado B: 60.2 ms | P@10 A/B: 0.67/0.67 | RR A/B: 1.00/1.00 | overlap: 100.00%
  ? [IMAGE] run=3 | q='data\\raw\\fashion-dataset\\images\\14512.jpg'
     Lado A: 9073.6 ms | Lado B: 58.4 ms | P@10 A/B: 0.67/0.67 | RR A/B: 1.00/1.00 | overlap: 100.00%

[OK] CSV guardado en: results\100k\results_100k_image_20260705_161539.csv

?????????????????????? RESUMEN ??????????????????????
  Escala          : 100k (chunks reales: 100000)
  Modalidad       : image
  Consultas totales: 15

  Latencia promedio  Lado A : 11255.03 ms
  Latencia promedio  Lado B : 78.58 ms
  Throughput prom.   Lado A : 0.10 QPS
  Throughput prom.   Lado B : 13.79 QPS
  RAM delta prom.    Lado A : 15.0974 MB
  RAM delta prom.    Lado B : 5.2310 MB
  Mem pico prom.     Lado A : 21.6035 MB
  Mem pico prom.     Lado B : 0.1662 MB
  IO búsqueda        Lado A : 0.0000 MB (0 reads) — índice ya en RAM
  IO carga índice    Lado A : 123.74 MB (índice: 123.61 MB en disco)
  IO shared_hit prom Lado B : 607 bloques
  IO shared_read pro Lado B : 0 bloques
  Precision@10 prom.  Lado A : 53.33%
  Precision@10 prom.  Lado B : 53.33%
  Recall@10 prom.     Lado A : 0.67%
  Recall@10 prom.     Lado B : 0.67%
  Overlap@10 promedio : 96.00%
?????????????????????????????????????????????????????
[AVISO] --only-modality NO trunca la BD: si esta modalidad ya fue ingestada, habrá chunks duplicados. Usa --skip-ingest o una BD limpia.

########## ESCALA 100k (100000 chunks x 1 modalidad(es)) ##########

======================================================================
>>> Ingesta image (100k)
    D:\multimodal-search\.venv\Scripts\python.exe -m scripts.ingest --modality image --max-chunks 100000 --limit 999999 --sample 200000
======================================================================

[OK] Ingesta image (100k) completada en 159.9 min.

======================================================================
>>> Índice invertido image
    D:\multimodal-search\.venv\Scripts\python.exe -m scripts.build_index --modality image
======================================================================

[OK] Índice invertido image completada en 0.3 min.

======================================================================
>>> Evaluación image (100k)
    D:\multimodal-search\.venv\Scripts\python.exe -m scripts.evaluate_performance --modality image --scale 100k --k 10 --runs 3 --n_queries 5 --output results/100k
======================================================================

[OK] Evaluación image (100k) completada en 11.8 min.

########## ESCALA 100k COMPLETA en 172.0 min ##########
CSVs en: results/100k/  ?  genera gráficos con: python -m scripts.plot_results
   -> Cargando modelo K-Means global desde models\audio\kmeans_256_fma.joblib
Codebook registrado (id=3, 256 acoustic words).
Géneros FMA cargados: 49598 tracks (genre_top).
Canciones a ingestar: 8000 | presupuesto de chunks: 100000

[1/8000] 000002... OK
[2/8000] 000005... OK
[3/8000] 000010... OK
[4/8000] 000140... OK
[5/8000] 000141... OK
[6/8000] 000148... OK
[7/8000] 000182... OK
[8/8000] 000190... OK
[9/8000] 000193... OK
[10/8000] 000194... OK
[11/8000] 000197... OK
[12/8000] 000200... OK
[13/8000] 000203... OK
[14/8000] 000204... OK
[15/8000] 000207... OK
[16/8000] 000210... OK
[17/8000] 000211... OK
[18/8000] 000212... OK
[19/8000] 000213... OK
[20/8000] 000255... OK
[21/8000] 000256... OK
[22/8000] 000368... OK
[23/8000] 000424... OK
[24/8000] 000459... OK
[25/8000] 000534... OK
[26/8000] 000540... OK
[27/8000] 000546... OK
[28/8000] 000574... OK
[29/8000] 000602... OK
[30/8000] 000615... OK
[31/8000] 000620... OK
[32/8000] 000621... OK
[33/8000] 000625... OK
[34/8000] 000666... OK
[35/8000] 000667... OK
[36/8000] 000676... OK
[37/8000] 000690... OK
[38/8000] 000694... OK
[39/8000] 000695... OK
[40/8000] 000704... OK
[41/8000] 000705... OK
[42/8000] 000706... OK
[43/8000] 000707... OK
[44/8000] 000708... OK
[45/8000] 000709... OK
[46/8000] 000714... OK
[47/8000] 000715... OK
[48/8000] 000716... OK
[49/8000] 000718... OK
[50/8000] 000777... OK
[51/8000] 000814... OK
[52/8000] 000821... OK
[53/8000] 000822... OK
[54/8000] 000825... OK
[55/8000] 000853... OK
[56/8000] 000890... OK
[57/8000] 000892... OK
[58/8000] 000897... OK
[59/8000] 000993... OK
[60/8000] 000995... OK
[61/8000] 000997... OK
[62/8000] 000998... OK
[63/8000] 001039... OK
[64/8000] 001040... OK
[65/8000] 001066... OK
[66/8000] 001069... OK
[67/8000] 001073... OK
[68/8000] 001075... OK
[69/8000] 001082... OK
[70/8000] 001083... OK
[71/8000] 001087... OK
[72/8000] 001102... OK
[73/8000] 001193... OK
[74/8000] 001195... OK
[75/8000] 001196... OK
[76/8000] 001197... OK
[77/8000] 001249... OK
[78/8000] 001259... OK
[79/8000] 001270... OK
[80/8000] 001276... OK
[81/8000] 001277... OK
[82/8000] 001278... OK
[83/8000] 001417... OK
[84/8000] 001427... OK
[85/8000] 001443... OK
[86/8000] 001482... OK
[87/8000] 001510... OK
[88/8000] 001544... OK
[89/8000] 001642... OK
[90/8000] 001644... OK
[91/8000] 001649... OK
[92/8000] 001661... OK
[93/8000] 001663... OK
[94/8000] 001666... OK
[95/8000] 001673... OK
[96/8000] 001680... OK
[97/8000] 001681... OK
[98/8000] 001682... OK
[99/8000] 001683... OK
[100/8000] 001684... OK
[101/8000] 001685... OK
[102/8000] 001686... OK
[103/8000] 001687... OK
[104/8000] 001688... OK
[105/8000] 001689... OK
[106/8000] 001701... OK
[107/8000] 001702... OK
[108/8000] 001703... OK
[109/8000] 001704... OK
[110/8000] 001706... OK
[111/8000] 001720... OK
[112/8000] 001732... OK
[113/8000] 001733... OK
[114/8000] 001735... OK
[115/8000] 001736... OK
[116/8000] 001883... OK
[117/8000] 001891... OK
[118/8000] 001893... OK
[119/8000] 001924... OK
[120/8000] 001925... OK
[121/8000] 001929... OK
[122/8000] 001930... OK
[123/8000] 002012... OK
[124/8000] 002096... OK
[125/8000] 002097... OK
[126/8000] 002099... OK
[127/8000] 003263... OK
[128/8000] 003264... OK
[129/8000] 003265... OK
[130/8000] 003266... OK
[131/8000] 003270... OK
[132/8000] 003271... OK
[133/8000] 003272... OK
[134/8000] 003273... OK
[135/8000] 003274... OK
[136/8000] 003492... OK
[137/8000] 003532... OK
[138/8000] 003533... OK
[139/8000] 003534... OK
[140/8000] 003535... OK
[141/8000] 003537... OK
[142/8000] 003538... OK
[143/8000] 003573... OK
[144/8000] 003598... OK
[145/8000] 003624... OK
[146/8000] 003707... OK
[147/8000] 003708... OK
[148/8000] 003720... OK
[149/8000] 003721... OK
[150/8000] 003722... OK
[151/8000] 003724... OK
[152/8000] 003725... OK
[153/8000] 003761... OK
[154/8000] 003762... OK
[155/8000] 003763... OK
[156/8000] 003765... OK
[157/8000] 003766... OK
[158/8000] 003775... OK
[159/8000] 003776... OK
[160/8000] 003777... OK
[161/8000] 003778... OK
[162/8000] 003779... OK
[163/8000] 003832... OK
[164/8000] 003833... OK
[165/8000] 003840... OK
[166/8000] 003880... OK
[167/8000] 003895... OK
[168/8000] 003896... OK
[169/8000] 003904... OK
[170/8000] 003905... OK
[171/8000] 003906... OK
[172/8000] 003908... OK
[173/8000] 003909... OK
[174/8000] 003910... OK
[175/8000] 003911... OK
[176/8000] 003912... OK
[177/8000] 003913... OK
[178/8000] 003920... OK
[179/8000] 003921... OK
[180/8000] 003950... OK
[181/8000] 004013... OK
[182/8000] 004017... OK
[183/8000] 004022... OK
[184/8000] 004037... OK
[185/8000] 004066... OK
[186/8000] 004067... OK
[187/8000] 004068... OK
[188/8000] 004069... OK
[189/8000] 004070... OK
[190/8000] 004071... OK
[191/8000] 004072... OK
[192/8000] 004073... OK
[193/8000] 004074... OK
[194/8000] 004075... OK
[195/8000] 004076... OK
[196/8000] 004077... OK
[197/8000] 004078... OK
[198/8000] 004079... OK
[199/8000] 004080... OK
[200/8000] 004091... OK
[201/8000] 004092... OK
[202/8000] 004093... OK
[203/8000] 004094... OK
[204/8000] 004095... OK
[205/8000] 004096... OK
[206/8000] 004097... OK
[207/8000] 004098... OK
[208/8000] 004099... OK
[209/8000] 004100... OK
[210/8000] 004101... OK
[211/8000] 004102... OK
[212/8000] 004103... OK
[213/8000] 004108... OK
[214/8000] 004232... OK
[215/8000] 004233... OK
[216/8000] 004234... OK
[217/8000] 004235... OK
[218/8000] 004236... OK
[219/8000] 004239... OK
[220/8000] 004450... OK
[221/8000] 004507... OK
[222/8000] 004508... OK
[223/8000] 004509... OK
[224/8000] 004510... OK
[225/8000] 004511... OK
[226/8000] 004519... OK
[227/8000] 004520... OK
[228/8000] 004521... OK
[229/8000] 004522... OK
[230/8000] 004682... OK
[231/8000] 004684... OK
[232/8000] 004685... OK
[233/8000] 004688... OK
[234/8000] 004777... OK
[235/8000] 004778... OK
[236/8000] 004779... OK
[237/8000] 004780... OK
[238/8000] 004781... OK
[239/8000] 004782... OK
[240/8000] 004784... OK
[241/8000] 004785... OK
[242/8000] 004786... OK
[243/8000] 004787... OK
[244/8000] 004788... OK
[245/8000] 004799... OK
[246/8000] 004835... OK
[247/8000] 004836... OK
[248/8000] 004838... OK
[249/8000] 004846... OK
[250/8000] 004848... OK
[251/8000] 004849... OK
[252/8000] 005006... OK
[253/8000] 005156... OK
[254/8000] 005157... OK
[255/8000] 005158... OK
[256/8000] 005159... OK
[257/8000] 005169... OK
[258/8000] 005170... OK
[259/8000] 005171... OK
[260/8000] 005191... OK
[261/8000] 005264... OK
[262/8000] 005268... OK
[263/8000] 005376... OK
[264/8000] 005381... OK
[265/8000] 005521... OK
[266/8000] 005879... OK
[267/8000] 005936... OK
[268/8000] 005940... OK
[269/8000] 006329... OK
[270/8000] 006330... OK
[271/8000] 006331... OK
[272/8000] 006332... OK
[273/8000] 006333... OK
[274/8000] 006342... OK
[275/8000] 006354... OK
[276/8000] 006357... OK
[277/8000] 006358... OK
[278/8000] 006360... OK
[279/8000] 006363... OK
[280/8000] 006366... OK
[281/8000] 006367... OK
[282/8000] 006368... OK
[283/8000] 006370... OK
[284/8000] 006372... OK
[285/8000] 006373... OK
[286/8000] 006376... OK
[287/8000] 006379... OK
[288/8000] 006380... OK
[289/8000] 006381... OK
[290/8000] 006382... OK
[291/8000] 006383... OK
[292/8000] 006385... OK
[293/8000] 006387... OK
[294/8000] 006389... OK
[295/8000] 006390... OK
[296/8000] 006393... OK
[297/8000] 006394... OK
[298/8000] 006396... OK
[299/8000] 006406... OK
[300/8000] 006407... OK
[301/8000] 006439... OK
[302/8000] 006440... OK
[303/8000] 006442... OK
[304/8000] 006443... OK
[305/8000] 006448... OK
[306/8000] 006459... OK
[307/8000] 006461... OK
[308/8000] 006463... OK
[309/8000] 006467... OK
[310/8000] 006469... OK
[311/8000] 006517... OK
[312/8000] 006519... OK
[313/8000] 006603... OK
[314/8000] 006605... OK
[315/8000] 006606... OK
[316/8000] 006607... OK
[317/8000] 006608... OK
[318/8000] 006609... OK
[319/8000] 006610... OK
[320/8000] 006611... OK
[321/8000] 006674... OK
[322/8000] 006675... OK
[323/8000] 006677... OK
[324/8000] 006679... OK
[325/8000] 006680... OK
[326/8000] 006684... OK
[327/8000] 006762... OK
[328/8000] 006776... OK
[329/8000] 006778... OK
[330/8000] 006779... OK
[331/8000] 006782... OK
[332/8000] 006783... OK
[333/8000] 006788... OK
[334/8000] 006802... OK
[335/8000] 006803... OK
[336/8000] 006854... OK
[337/8000] 006855... OK
[338/8000] 006856... OK
[339/8000] 006857... OK
[340/8000] 007011... OK
[341/8000] 007373... OK
[342/8000] 007374... OK
[343/8000] 007375... OK
[344/8000] 007376... OK
[345/8000] 007377... OK
[346/8000] 007378... OK
[347/8000] 007379... OK
[348/8000] 007381... OK
[349/8000] 007383... OK
[350/8000] 007385... OK
[351/8000] 007386... OK
[352/8000] 007388... OK
[353/8000] 007391... OK
[354/8000] 007393... OK
[355/8000] 007481... OK
[356/8000] 007482... OK
[357/8000] 007483... OK
[358/8000] 007487... OK
[359/8000] 007488... OK
[360/8000] 007489... OK
[361/8000] 007490... OK
[362/8000] 007491... OK
[363/8000] 007492... OK
[364/8000] 007495... OK
[365/8000] 007526... OK
[366/8000] 007527... OK
[367/8000] 007528... OK
[368/8000] 007529... OK
[369/8000] 007548... OK
[370/8000] 007554... OK
[371/8000] 007709... OK
[372/8000] 007710... OK
[373/8000] 007711... OK
[374/8000] 007712... OK
[375/8000] 007713... OK
[376/8000] 007872... OK
[377/8000] 008056... OK
[378/8000] 008208... OK
[379/8000] 008256... OK
[380/8000] 008259... OK
[381/8000] 008261... OK
[382/8000] 008345... OK
[383/8000] 008357... OK
[384/8000] 008363... OK
[385/8000] 008372... OK
[386/8000] 008416... OK
[387/8000] 009152... OK
[388/8000] 009155... OK
[389/8000] 009307... OK
[390/8000] 009476... OK
[391/8000] 009477... OK
[392/8000] 009491... OK
[393/8000] 009505... OK
[394/8000] 009511... OK
[395/8000] 009512... OK
[396/8000] 009513... OK
[397/8000] 009550... OK
[398/8000] 009553... OK
[399/8000] 009555... OK
[400/8000] 009557... OK
[401/8000] 009559... OK
[402/8000] 009560... OK
[403/8000] 009678... OK
[404/8000] 009721... OK
[405/8000] 009846... OK
[406/8000] 009887... OK
[407/8000] 009888... OK
[408/8000] 009918... OK
[409/8000] 009962... OK
[410/8000] 010186... OK
[411/8000] 010192... OK
[412/8000] 010250... OK
[413/8000] 010374... OK
[414/8000] 010375... OK
[415/8000] 010376... OK
[416/8000] 010377... OK
[417/8000] 010381... OK
[418/8000] 010382... OK
[419/8000] 010383... OK
[420/8000] 010384... OK
[421/8000] 010385... OK
[422/8000] 010386... OK
[423/8000] 010387... OK
[424/8000] 010388... OK
[425/8000] 010389... OK
[426/8000] 010435... OK
[427/8000] 010438... OK
[428/8000] 010439... OK
[429/8000] 010440... OK
[430/8000] 010441... OK
[431/8000] 010442... OK
[432/8000] 010443... OK
[433/8000] 010444... OK
[434/8000] 010447... OK
[435/8000] 010458... OK
[436/8000] 010480... OK
[437/8000] 010481... OK
[438/8000] 010485... OK
[439/8000] 010521... OK
[440/8000] 010527... OK
[441/8000] 010535... OK
[442/8000] 010541... OK
[443/8000] 010575... OK
[444/8000] 010577... OK
[445/8000] 010668... OK
[446/8000] 010669... OK
[447/8000] 010670... OK
[448/8000] 010671... OK
[449/8000] 010672... OK
[450/8000] 010673... OK
[451/8000] 010674... OK
[452/8000] 010675... OK
[453/8000] 010676... OK
[454/8000] 010677... OK
[455/8000] 010678... OK
[456/8000] 010679... OK
[457/8000] 010682... OK
[458/8000] 010684... OK
[459/8000] 010693... OK
[460/8000] 010694... OK
[461/8000] 010695... OK
[462/8000] 010696... OK
[463/8000] 010697... OK
[464/8000] 010698... OK
[465/8000] 010699... OK
[466/8000] 010805... OK
[467/8000] 010806... OK
[468/8000] 010807... OK
[469/8000] 010808... OK
[470/8000] 010809... OK
[471/8000] 010810... OK
[472/8000] 010983... OK
[473/8000] 010992... OK
[474/8000] 010993... OK
[475/8000] 011019... OK
[476/8000] 011020... OK
[477/8000] 011059... OK
[478/8000] 011198... OK
[479/8000] 011199... OK
[480/8000] 011200... OK
[481/8000] 011204... OK
[482/8000] 011206... OK
[483/8000] 011234... OK
[484/8000] 011237... OK
[485/8000] 011239... OK
[486/8000] 011242... OK
[487/8000] 011261... OK
[488/8000] 011262... OK
[489/8000] 011264... OK
[490/8000] 011268... OK
[491/8000] 011298... OK
[492/8000] 011299... OK
[493/8000] 011306... OK
[494/8000] 011333... OK
[495/8000] 011334... OK
[496/8000] 011503... OK
[497/8000] 011504... OK
[498/8000] 011505... OK
[499/8000] 011508... OK
[500/8000] 011544... OK
[501/8000] 011638... OK
[502/8000] 011671... OK
[503/8000] 011672... OK
[504/8000] 011673... OK
[505/8000] 011674... OK
[506/8000] 011675... OK
[507/8000] 011677... OK
[508/8000] 011679... OK
[509/8000] 011681... OK
[510/8000] 011682... OK
[511/8000] 011683... OK
[512/8000] 011763... OK
[513/8000] 011764... OK
[514/8000] 011765... OK
[515/8000] 011766... OK
[516/8000] 011767... OK
[517/8000] 011768... OK
[518/8000] 011769... OK
[519/8000] 011770... OK
[520/8000] 011771... OK
[521/8000] 011772... OK
[522/8000] 011773... OK
[523/8000] 011774... OK
[524/8000] 011775... OK
[525/8000] 011776... OK
[526/8000] 011777... OK
[527/8000] 011778... OK
[528/8000] 011779... OK
[529/8000] 011780... OK
[530/8000] 011781... OK
[531/8000] 011782... OK
[532/8000] 011783... OK
[533/8000] 011784... OK
[534/8000] 011785... OK
[535/8000] 011786... OK
[536/8000] 011787... OK
[537/8000] 011788... OK
[538/8000] 011789... OK
[539/8000] 011790... OK
[540/8000] 011791... OK
[541/8000] 011792... OK
[542/8000] 011793... OK
[543/8000] 011794... OK
[544/8000] 011795... OK
[545/8000] 011803... OK
[546/8000] 011818... OK
[547/8000] 011839... OK
[548/8000] 011861... OK
[549/8000] 011862... OK
[550/8000] 011867... OK
[551/8000] 011868... OK
[552/8000] 011916... OK
[553/8000] 011917... OK
[554/8000] 011918... OK
[555/8000] 011919... OK
[556/8000] 011920... OK
[557/8000] 011921... OK
[558/8000] 011922... OK
[559/8000] 011933... OK
[560/8000] 011937... OK
[561/8000] 011942... OK
[562/8000] 011946... OK
[563/8000] 011947... OK
[564/8000] 011951... OK
[565/8000] 012045... OK
[566/8000] 012046... OK
[567/8000] 012047... OK
[568/8000] 012048... OK
[569/8000] 012049... OK
[570/8000] 012050... OK
[571/8000] 012051... OK
[572/8000] 012052... OK
[573/8000] 012053... OK
[574/8000] 012058... OK
[575/8000] 012059... OK
[576/8000] 012060... OK
[577/8000] 012061... OK
[578/8000] 012062... OK
[579/8000] 012064... OK
[580/8000] 012065... OK
[581/8000] 012066... OK
[582/8000] 012067... OK
[583/8000] 012109... OK
[584/8000] 012146... OK
[585/8000] 012147... OK
[586/8000] 012173... OK
[587/8000] 012174... OK
[588/8000] 012179... OK
[589/8000] 012188... OK
[590/8000] 012189... OK
[591/8000] 012346... OK
[592/8000] 012348... OK
[593/8000] 012349... OK
[594/8000] 012350... OK
[595/8000] 012351... OK
[596/8000] 012352... OK
[597/8000] 012353... OK
[598/8000] 012355... OK
[599/8000] 012376... OK
[600/8000] 012387... OK
[601/8000] 012390... OK
[602/8000] 012394... OK
[603/8000] 012481... OK
[604/8000] 012482... OK
[605/8000] 012484... OK
[606/8000] 012485... OK
[607/8000] 012486... OK
[608/8000] 012487... OK
[609/8000] 012488... OK
[610/8000] 012489... OK
[611/8000] 012490... OK
[612/8000] 012508... OK
[613/8000] 012513... OK
[614/8000] 012514... OK
[615/8000] 012518... OK
[616/8000] 012521... OK
[617/8000] 012526... OK
[618/8000] 012527... OK
[619/8000] 012530... OK
[620/8000] 012531... OK
[621/8000] 012532... OK
[622/8000] 012537... OK
[623/8000] 012551... OK
[624/8000] 012552... OK
[625/8000] 012654... OK
[626/8000] 012690... OK
[627/8000] 012691... OK
[628/8000] 012692... OK
[629/8000] 012737... OK
[630/8000] 012985... OK
[631/8000] 012986... OK
[632/8000] 013191... OK
[633/8000] 013197... OK
[634/8000] 013199... OK
[635/8000] 013201... OK
[636/8000] 013218... OK
[637/8000] 013220... OK
[638/8000] 013325... OK
[639/8000] 013328... OK
[640/8000] 013362... OK
[641/8000] 013378... OK
[642/8000] 013474... OK
[643/8000] 013537... OK
[644/8000] 013538... OK
[645/8000] 013539... OK
[646/8000] 013540... OK
[647/8000] 013556... OK
[648/8000] 013561... OK
[649/8000] 013562... OK
[650/8000] 013566... OK
[651/8000] 013571... OK
[652/8000] 013578... OK
[653/8000] 013591... OK
[654/8000] 013596... OK
[655/8000] 013666... OK
[656/8000] 013668... OK
[657/8000] 013670... OK
[658/8000] 013706... OK
[659/8000] 013707... OK
[660/8000] 013708... OK
[661/8000] 013709... OK
[662/8000] 013710... OK
[663/8000] 013711... OK
[664/8000] 013735... OK
[665/8000] 013747... OK
[666/8000] 013748... OK
[667/8000] 013749... OK
[668/8000] 013767... OK
[669/8000] 013768... OK
[670/8000] 013804... OK
[671/8000] 013927... OK
[672/8000] 013928... OK
[673/8000] 013929... OK
[674/8000] 013930... OK
[675/8000] 014063... OK
[676/8000] 014208... OK
[677/8000] 014315... OK
[678/8000] 014316... OK
[679/8000] 014317... OK
[680/8000] 014318... OK
[681/8000] 014319... OK
[682/8000] 014320... OK
[683/8000] 014344... OK
[684/8000] 014358... OK
[685/8000] 014363... OK
[686/8000] 014365... OK
[687/8000] 014386... OK
[688/8000] 014391... OK
[689/8000] 014538... OK
[690/8000] 014539... OK
[691/8000] 014541... OK
[692/8000] 014542... OK
[693/8000] 014568... OK
[694/8000] 014569... OK
[695/8000] 014570... OK
[696/8000] 014571... OK
[697/8000] 014572... OK
[698/8000] 014576... OK
[699/8000] 014577... OK
[700/8000] 014578... OK
[701/8000] 014579... OK
[702/8000] 014580... OK
[703/8000] 014581... OK
[704/8000] 014583... OK
[705/8000] 014584... OK
[706/8000] 014585... OK
[707/8000] 014586... OK
[708/8000] 014588... OK
[709/8000] 014589... OK
[710/8000] 014590... OK
[711/8000] 014601... OK
[712/8000] 014602... OK
[713/8000] 014603... OK
[714/8000] 014604... OK
[715/8000] 014653... OK
[716/8000] 014661... OK
[717/8000] 014663... OK
[718/8000] 014684... OK
[719/8000] 014690... OK
[720/8000] 014693... OK
[721/8000] 014733... OK
[722/8000] 014734... OK
[723/8000] 014735... OK
[724/8000] 014736... OK
[725/8000] 014737... OK
[726/8000] 014738... OK
[727/8000] 014739... OK
[728/8000] 014740... OK
[729/8000] 014741... OK
[730/8000] 014742... OK
[731/8000] 014743... OK
[732/8000] 014744... OK
[733/8000] 014745... OK
[734/8000] 014809... OK
[735/8000] 014869... OK
[736/8000] 015094... OK
[737/8000] 015210... OK
[738/8000] 015464... OK
[739/8000] 015469... OK
[740/8000] 015471... OK
[741/8000] 015475... OK
[742/8000] 015476... OK
[743/8000] 015487... OK
[744/8000] 015488... OK
[745/8000] 015540... OK
[746/8000] 015541... OK
[747/8000] 015542... OK
[748/8000] 015543... OK
[749/8000] 015625... OK
[750/8000] 015769... OK
[751/8000] 015770... OK
[752/8000] 015771... OK
[753/8000] 015772... OK
[754/8000] 015773... OK
[755/8000] 015880... OK
[756/8000] 016095... OK
[757/8000] 016155... OK
[758/8000] 016158... OK
[759/8000] 016162... OK
[760/8000] 016163... OK
[761/8000] 016334... OK
[762/8000] 016337... OK
[763/8000] 016338... OK
[764/8000] 016339... OK
[765/8000] 016340... OK
[766/8000] 016354... OK
[767/8000] 016743... OK
[768/8000] 016744... OK
[769/8000] 016745... OK
[770/8000] 016747... OK
[771/8000] 016819... OK
[772/8000] 016820... OK
[773/8000] 016821... OK
[774/8000] 016822... OK
[775/8000] 016878... OK
[776/8000] 016879... OK
[777/8000] 016880... OK
[778/8000] 016895... OK
[779/8000] 016994... OK
[780/8000] 016995... OK
[781/8000] 016997... OK
[782/8000] 017132... OK
[783/8000] 017344... OK
[784/8000] 017345... OK
[785/8000] 017462... OK
[786/8000] 017491... OK
[787/8000] 017496... OK
[788/8000] 017499... OK
[789/8000] 017500... OK
[790/8000] 017573... OK
[791/8000] 017588... OK
[792/8000] 017605... OK
[793/8000] 017606... OK
[794/8000] 017607... OK
[795/8000] 017608... OK
[796/8000] 017609... OK
[797/8000] 017610... OK
[798/8000] 017611... OK
[799/8000] 017631... OK
[800/8000] 017632... OK
[801/8000] 017633... OK
[802/8000] 017634... OK
[803/8000] 017635... OK
[804/8000] 017636... OK
[805/8000] 017637... OK
[806/8000] 017644... OK
[807/8000] 017735... OK
[808/8000] 017782... OK
[809/8000] 017884... OK
[810/8000] 017906... OK
[811/8000] 018031... OK
[812/8000] 018032... OK
[813/8000] 018033... OK
[814/8000] 018034... OK
[815/8000] 018037... OK
[816/8000] 018038... OK
[817/8000] 018039... OK
[818/8000] 018043... OK
[819/8000] 018044... OK
[820/8000] 018112... OK
[821/8000] 018124... OK
[822/8000] 018144... OK
[823/8000] 018145... OK
[824/8000] 018146... OK
[825/8000] 018159... OK
[826/8000] 018197... OK
[827/8000] 018350... OK
[828/8000] 018607... OK
[829/8000] 018611... OK
[830/8000] 018876... OK
[831/8000] 018877... OK
[832/8000] 018887... OK
[833/8000] 019073... OK
[834/8000] 019074... OK
[835/8000] 019179... OK
[836/8000] 019184... OK
[837/8000] 019187... OK
[838/8000] 019192... OK
[839/8000] 019412... OK
[840/8000] 019413... OK
[841/8000] 019415... OK
[842/8000] 019416... OK
[843/8000] 019417... OK
[844/8000] 019418... OK
[845/8000] 019420... OK
[846/8000] 019422... OK
[847/8000] 019423... OK
[848/8000] 019425... OK
[849/8000] 019438... OK
[850/8000] 019439... OK
[851/8000] 019441... OK
[852/8000] 019442... OK
[853/8000] 019459... OK
[854/8000] 019673... OK
[855/8000] 019674... OK
[856/8000] 019685... OK
[857/8000] 019689... OK
[858/8000] 019707... OK
[859/8000] 019708... OK
[860/8000] 019729... OK
[861/8000] 019758... OK
[862/8000] 019759... OK
[863/8000] 019760... OK
[864/8000] 019889... OK
[865/8000] 019890... OK
[866/8000] 019891... OK
[867/8000] 020050... OK
[868/8000] 020296... OK
[869/8000] 020361... OK
[870/8000] 020362... OK
[871/8000] 020364... OK
[872/8000] 020365... OK
[873/8000] 020366... OK
[874/8000] 020369... OK
[875/8000] 020372... OK
[876/8000] 020373... OK
[877/8000] 020374... OK
[878/8000] 020375... OK
[879/8000] 020376... OK
[880/8000] 020424... OK
[881/8000] 020432... OK
[882/8000] 020469... OK
[883/8000] 020667... OK
[884/8000] 020704... OK
[885/8000] 020818... OK
[886/8000] 021058... OK
[887/8000] 021085... OK
[888/8000] 021087... OK
[889/8000] 021167... OK
[890/8000] 021228... OK
[891/8000] 021231... OK
[892/8000] 021232... OK
[893/8000] 021400... OK
[894/8000] 021401... OK
[895/8000] 021402... OK
[896/8000] 021403... OK
[897/8000] 021404... OK
[898/8000] 021409... OK
[899/8000] 021422... OK
[900/8000] 021565... OK
[901/8000] 021587... OK
[902/8000] 021657... OK
[903/8000] 021672... OK
[904/8000] 021676... OK
[905/8000] 021677... OK
[906/8000] 021707... OK
[907/8000] 021774... OK
[908/8000] 021842... OK
[909/8000] 021859... OK
[910/8000] 021860... OK
[911/8000] 021891... OK
[912/8000] 021895... OK
[913/8000] 021995... OK
[914/8000] 021996... OK
[915/8000] 021997... OK
[916/8000] 021998... OK
[917/8000] 021999... OK
[918/8000] 022000... OK
[919/8000] 022001... OK
[920/8000] 022088... OK
[921/8000] 022091... OK
[922/8000] 022093... OK
[923/8000] 022094... OK
[924/8000] 022095... OK
[925/8000] 022097... OK
[926/8000] 022150... OK
[927/8000] 022295... OK
[928/8000] 022296... OK
[929/8000] 022315... OK
[930/8000] 022348... OK
[931/8000] 022472... OK
[932/8000] 022473... OK
[933/8000] 022474... OK
[934/8000] 022475... OK
[935/8000] 022476... OK
[936/8000] 022477... OK
[937/8000] 022478... OK
[938/8000] 022479... OK
[939/8000] 022480... OK
[940/8000] 022481... OK
[941/8000] 023010... OK
[942/8000] 023013... OK
[943/8000] 023014... OK
[944/8000] 023015... OK
[945/8000] 023016... OK
[946/8000] 023037... OK
[947/8000] 023039... OK
[948/8000] 023041... OK
[949/8000] 023063... OK
[950/8000] 023155... OK
[951/8000] 023156... OK
[952/8000] 023172... OK
[953/8000] 023329... OK
[954/8000] 023353... OK
[955/8000] 023355... OK
[956/8000] 023371... OK
[957/8000] 023372... OK
[958/8000] 023505... OK
[959/8000] 023862... OK
[960/8000] 024216... OK
[961/8000] 024217... OK
[962/8000] 024218... OK
[963/8000] 024362... OK
[964/8000] 024363... OK
[965/8000] 024364... OK
[966/8000] 024365... OK
[967/8000] 024366... OK
[968/8000] 024367... OK
[969/8000] 024368... OK
[970/8000] 024369... OK
[971/8000] 024370... OK
[972/8000] 024371... OK
[973/8000] 024418... OK
[974/8000] 024420... OK
[975/8000] 024421... OK
[976/8000] 024422... OK
[977/8000] 024423... OK
[978/8000] 024424... OK
[979/8000] 024425... OK
[980/8000] 024426... OK
[981/8000] 024427... OK
[982/8000] 024428... OK
[983/8000] 024429... OK
[984/8000] 024430... OK
[985/8000] 024431... OK
[986/8000] 024432... OK
[987/8000] 024512... OK
[988/8000] 024515... OK
[989/8000] 024521... OK
[990/8000] 024524... OK
[991/8000] 024698... OK
[992/8000] 024699... OK
[993/8000] 024700... OK
[994/8000] 024701... OK
[995/8000] 024702... OK
[996/8000] 024717... OK
[997/8000] 024720... OK
[998/8000] 024739... OK
[999/8000] 024741... OK
[1000/8000] 024742... OK
[1001/8000] 024745... OK
[1002/8000] 024746... OK
[1003/8000] 024747... OK
[1004/8000] 024748... OK
[1005/8000] 024749... OK
[1006/8000] 024842... OK
[1007/8000] 024898... OK
[1008/8000] 024899... OK
[1009/8000] 024901... OK
[1010/8000] 024912... OK
[1011/8000] 024915... OK
[1012/8000] 024917... OK
[1013/8000] 024963... OK
[1014/8000] 024975... OK
[1015/8000] 024983... OK
[1016/8000] 025028... OK
[1017/8000] 025029... OK
[1018/8000] 025030... OK
[1019/8000] 025031... OK
[1020/8000] 025032... OK
[1021/8000] 025033... OK
[1022/8000] 025055... OK
[1023/8000] 025063... OK
[1024/8000] 025066... OK
[1025/8000] 025104... OK
[1026/8000] 025124... OK
[1027/8000] 025215... OK
[1028/8000] 025216... OK
[1029/8000] 025227... OK
[1030/8000] 025232... OK
[1031/8000] 025233... OK
[1032/8000] 025234... OK
[1033/8000] 025235... OK
[1034/8000] 025324... OK
[1035/8000] 025378... OK
[1036/8000] 025601... OK
[1037/8000] 025603... OK
[1038/8000] 025605... OK
[1039/8000] 025606... OK
[1040/8000] 025608... OK
[1041/8000] 025609... OK
[1042/8000] 025668... OK
[1043/8000] 025669... OK
[1044/8000] 025670... OK
[1045/8000] 025795... OK
[1046/8000] 025796... OK
[1047/8000] 025797... OK
[1048/8000] 025802... OK
[1049/8000] 025804... OK
[1050/8000] 026007... OK
[1051/8000] 026008... OK
[1052/8000] 026010... OK
[1053/8000] 026011... OK
[1054/8000] 026012... OK
[1055/8000] 026013... OK
[1056/8000] 026014... OK
[1057/8000] 026016... OK
[1058/8000] 026017... OK
[1059/8000] 026020... OK
[1060/8000] 026021... OK
[1061/8000] 026022... OK
[1062/8000] 026025... OK
[1063/8000] 026026... OK
[1064/8000] 026034... OK
[1065/8000] 026035... OK
[1066/8000] 026036... OK
[1067/8000] 026169... OK
[1068/8000] 026174... OK
[1069/8000] 026298... OK
[1070/8000] 026301... OK
[1071/8000] 026302... OK
[1072/8000] 026307... OK
[1073/8000] 026322... OK
[1074/8000] 026464... OK
[1075/8000] 026465... OK
[1076/8000] 026466... OK
[1077/8000] 026583... OK
[1078/8000] 026600... OK
[1079/8000] 026605... OK
[1080/8000] 026629... OK
[1081/8000] 026638... OK
[1082/8000] 026639... OK
[1083/8000] 026640... OK
[1084/8000] 026641... OK
[1085/8000] 026642... OK
[1086/8000] 026643... OK
[1087/8000] 026651... OK
[1088/8000] 026652... OK
[1089/8000] 026653... OK
[1090/8000] 026654... OK
[1091/8000] 026655... OK
[1092/8000] 026656... OK
[1093/8000] 026657... OK
[1094/8000] 026658... OK
[1095/8000] 026659... OK
[1096/8000] 026674... OK
[1097/8000] 026681... OK
[1098/8000] 026754... OK
[1099/8000] 026765... OK
[1100/8000] 026859... OK
[1101/8000] 026861... OK
[1102/8000] 026902... OK
[1103/8000] 026904... OK
[1104/8000] 026905... OK
[1105/8000] 026906... OK
[1106/8000] 027164... OK
[1107/8000] 027177... OK
[1108/8000] 027194... OK
[1109/8000] 027195... OK
[1110/8000] 027197... OK
[1111/8000] 027198... OK
[1112/8000] 027258... OK
[1113/8000] 027406... OK
[1114/8000] 027454... OK
[1115/8000] 027455... OK
[1116/8000] 027456... OK
[1117/8000] 027547... OK
[1118/8000] 027548... OK
[1119/8000] 027549... OK
[1120/8000] 027550... OK
[1121/8000] 027551... OK
[1122/8000] 027552... OK
[1123/8000] 027609... OK
[1124/8000] 027610... OK
[1125/8000] 027611... OK
[1126/8000] 027612... OK
[1127/8000] 027613... OK
[1128/8000] 027667... OK
[1129/8000] 027673... OK
[1130/8000] 027797... OK
[1131/8000] 027798... OK
[1132/8000] 027799... OK
[1133/8000] 027802... OK
[1134/8000] 027803... OK
[1135/8000] 027804... OK
[1136/8000] 027805... OK
[1137/8000] 027855... OK
[1138/8000] 027856... OK
[1139/8000] 027866... OK
[1140/8000] 027945... OK
[1141/8000] 027953... OK
[1142/8000] 027975... OK
[1143/8000] 027978... OK
[1144/8000] 027981... OK
[1145/8000] 027987... OK
[1146/8000] 028070... OK
[1147/8000] 028072... OK
[1148/8000] 028179... OK
[1149/8000] 028241... OK
[1150/8000] 028260... OK
[1151/8000] 028266... OK
[1152/8000] 028274... OK
[1153/8000] 028375... OK
[1154/8000] 028376... OK
[1155/8000] 028477... OK
[1156/8000] 028478... OK
[1157/8000] 028479... OK
[1158/8000] 028480... OK
[1159/8000] 028481... OK
[1160/8000] 028482... OK
[1161/8000] 028483... OK
[1162/8000] 028484... OK
[1163/8000] 028485... OK
[1164/8000] 028546... OK
[1165/8000] 028548... OK
[1166/8000] 028553... OK
[1167/8000] 028571... OK
[1168/8000] 028608... OK
[1169/8000] 028692... OK
[1170/8000] 028802... OK
[1171/8000] 029037... OK
[1172/8000] 029039... OK
[1173/8000] 029040... OK
[1174/8000] 029041... OK
[1175/8000] 029042... OK
[1176/8000] 029043... OK
[1177/8000] 029044... OK
[1178/8000] 029045... OK
[1179/8000] 029128... OK
[1180/8000] 029180... OK
[1181/8000] 029243... OK
[1182/8000] 029245... OK
[1183/8000] 029255... OK
[1184/8000] 029271... OK
[1185/8000] 029272... OK
[1186/8000] 029350... OK
[1187/8000] 029351... OK
[1188/8000] 029355... OK
[1189/8000] 029465... OK
[1190/8000] 029480... OK
[1191/8000] 029526... OK
[1192/8000] 029528... OK
[1193/8000] 029530... OK
[1194/8000] 029587... OK
[1195/8000] 029602... OK
[1196/8000] 029673... OK
[1197/8000] 029718... OK
[1198/8000] 029719... OK
[1199/8000] 029720... OK
[1200/8000] 029721... OK
[1201/8000] 029738... OK
[1202/8000] 029739... OK
[1203/8000] 029740... OK
[1204/8000] 029741... OK
[1205/8000] 029742... OK
[1206/8000] 029744... OK
[1207/8000] 029745... OK
[1208/8000] 029746... OK
[1209/8000] 029747... OK
[1210/8000] 029750... OK
[1211/8000] 029752... OK
[1212/8000] 029807... OK
[1213/8000] 029813... OK
[1214/8000] 029816... OK
[1215/8000] 029961... OK
[1216/8000] 029971... OK
[1217/8000] 030041... OK
[1218/8000] 030043... OK
[1219/8000] 030050... OK
[1220/8000] 030056... OK
[1221/8000] 030058... OK
[1222/8000] 030059... OK
[1223/8000] 030090... OK
[1224/8000] 030095... OK
[1225/8000] 030120... OK
[1226/8000] 030196... OK
[1227/8000] 030198... OK
[1228/8000] 030230... OK
[1229/8000] 030316... OK
[1230/8000] 030486... OK
[1231/8000] 030487... OK
[1232/8000] 030488... OK
[1233/8000] 030519... OK
[1234/8000] 030520... OK
[1235/8000] 030521... OK
[1236/8000] 030522... OK
[1237/8000] 030636... OK
[1238/8000] 030682... OK
[1239/8000] 030690... OK
[1240/8000] 030702... OK
[1241/8000] 030740... OK
[1242/8000] 030895... OK
[1243/8000] 031040... OK
[1244/8000] 031041... OK
[1245/8000] 031042... OK
[1246/8000] 031043... OK
[1247/8000] 031044... OK
[1248/8000] 031165... OK
[1249/8000] 031356... OK
[1250/8000] 031389... OK
[1251/8000] 031390... OK
[1252/8000] 031391... OK
[1253/8000] 031392... OK
[1254/8000] 031568... OK
[1255/8000] 031807... OK
[1256/8000] 031887... OK
[1257/8000] 031888... OK
[1258/8000] 031889... OK
[1259/8000] 031999... OK
[1260/8000] 032001... OK
[1261/8000] 032021... OK
[1262/8000] 032075... OK
[1263/8000] 032081... OK
[1264/8000] 032218... OK
[1265/8000] 032325... OK
[1266/8000] 032326... OK
[1267/8000] 032327... OK
[1268/8000] 032328... OK
[1269/8000] 032329... OK
[1270/8000] 032330... OK
[1271/8000] 032331... OK
[1272/8000] 032332... OK
[1273/8000] 032333... OK
[1274/8000] 032334... OK
[1275/8000] 032335... OK
[1276/8000] 032336... OK
[1277/8000] 032337... OK
[1278/8000] 032338... OK
[1279/8000] 032339... OK
[1280/8000] 032340... OK
[1281/8000] 032433... OK
[1282/8000] 032435... OK
[1283/8000] 032437... OK
[1284/8000] 032438... OK
[1285/8000] 032439... OK
[1286/8000] 032525... OK
[1287/8000] 032686... OK
[1288/8000] 032687... OK
[1289/8000] 032689... OK
[1290/8000] 032693... OK
[1291/8000] 032694... OK
[1292/8000] 032695... OK
[1293/8000] 032755... OK
[1294/8000] 032756... OK
[1295/8000] 032759... OK
[1296/8000] 032760... OK
[1297/8000] 032800... OK
[1298/8000] 032882... OK
[1299/8000] 033020... OK
[1300/8000] 033049... OK
[1301/8000] 033050... OK
[1302/8000] 033064... OK
[1303/8000] 033067... OK
[1304/8000] 033068... OK
[1305/8000] 033069... OK
[1306/8000] 033070... OK
[1307/8000] 033071... OK
[1308/8000] 033072... OK
[1309/8000] 033123... OK
[1310/8000] 033124... OK
[1311/8000] 033203... OK
[1312/8000] 033216... OK
[1313/8000] 033221... OK
[1314/8000] 033278... OK
[1315/8000] 033415... OK
[1316/8000] 033422... OK
[1317/8000] 033424... OK
[1318/8000] 033426... OK
[1319/8000] 033446... OK
[1320/8000] 033459... OK
[1321/8000] 033460... OK
[1322/8000] 033461... OK
[1323/8000] 033465... OK
[1324/8000] 033477... OK
[1325/8000] 033486... OK
[1326/8000] 033538... OK
[1327/8000] 033992... OK
[1328/8000] 034003... OK
[1329/8000] 034147... OK
[1330/8000] 034167... OK
[1331/8000] 034257... OK
[1332/8000] 034258... OK
[1333/8000] 034263... OK
[1334/8000] 034484... OK
[1335/8000] 034510... OK
[1336/8000] 034511... OK
[1337/8000] 034994... OK
[1338/8000] 034996... OK
[1339/8000] 035007... OK
[1340/8000] 035008... OK
[1341/8000] 035182... OK
[1342/8000] 035184... OK
[1343/8000] 035198... OK
[1344/8000] 035199... OK
[1345/8000] 035204... OK
[1346/8000] 035296... OK
[1347/8000] 035299... OK
[1348/8000] 035443... OK
[1349/8000] 035444... OK
[1350/8000] 035462... OK
[1351/8000] 035527... OK
[1352/8000] 035534... OK
[1353/8000] 035535... OK
[1354/8000] 035537... OK
[1355/8000] 035539... OK
[1356/8000] 035541... OK
[1357/8000] 035543... OK
[1358/8000] 035544... OK
[1359/8000] 035545... OK
[1360/8000] 035549... OK
[1361/8000] 035550... OK
[1362/8000] 035569... OK
[1363/8000] 035571... OK
[1364/8000] 035608... OK
[1365/8000] 035734... OK
[1366/8000] 036096... OK
[1367/8000] 036097... OK
[1368/8000] 036099... OK
[1369/8000] 036143... OK
[1370/8000] 036144... OK
[1371/8000] 036145... OK
[1372/8000] 036146... OK
[1373/8000] 036147... OK
[1374/8000] 036245... OK
[1375/8000] 036257... OK
[1376/8000] 036258... OK
[1377/8000] 036261... OK
[1378/8000] 036272... OK
[1379/8000] 036273... OK
[1380/8000] 036275... OK
[1381/8000] 036277... OK
[1382/8000] 036302... OK
[1383/8000] 036304... OK
[1384/8000] 036322... OK
[1385/8000] 036333... OK
[1386/8000] 036371... OK
[1387/8000] 036380... OK
[1388/8000] 036388... OK
[1389/8000] 036428... OK
[1390/8000] 036435... OK
[1391/8000] 036481... OK
[1392/8000] 036526... OK
[1393/8000] 036560... OK
[1394/8000] 036567... OK
[1395/8000] 036614... OK
[1396/8000] 036615... OK
[1397/8000] 036616... OK
[1398/8000] 036618... OK
[1399/8000] 036643... OK
[1400/8000] 036659... OK
[1401/8000] 036799... OK
[1402/8000] 036959... OK
[1403/8000] 036961... OK
[1404/8000] 036965... OK
[1405/8000] 036966... OK
[1406/8000] 036983... OK
[1407/8000] 036984... OK
[1408/8000] 036985... OK
[1409/8000] 036986... OK
[1410/8000] 036987... OK
[1411/8000] 036988... OK
[1412/8000] 036990... OK
[1413/8000] 036992... OK
[1414/8000] 036994... OK
[1415/8000] 036997... OK
[1416/8000] 036998... OK
[1417/8000] 036999... OK
[1418/8000] 037041... OK
[1419/8000] 037111... OK
[1420/8000] 037113... OK
[1421/8000] 037119... OK
[1422/8000] 037121... OK
[1423/8000] 037131... OK
[1424/8000] 037136... OK
[1425/8000] 037141... OK
[1426/8000] 037147... OK
[1427/8000] 037324... OK
[1428/8000] 037325... OK
[1429/8000] 037368... OK
[1430/8000] 037369... OK
[1431/8000] 037416... OK
[1432/8000] 037417... OK
[1433/8000] 037423... OK
[1434/8000] 037538... OK
[1435/8000] 037592... OK
[1436/8000] 037725... OK
[1437/8000] 037727... OK
[1438/8000] 037730... OK
[1439/8000] 037731... OK
[1440/8000] 037779... OK
[1441/8000] 037781... OK
[1442/8000] 037784... OK
[1443/8000] 037859... OK
[1444/8000] 037911... OK
[1445/8000] 037920... OK
[1446/8000] 038312... OK
[1447/8000] 038321... OK
[1448/8000] 038323... OK
[1449/8000] 038326... OK
[1450/8000] 038351... OK
[1451/8000] 038352... OK
[1452/8000] 038353... OK
[1453/8000] 038354... OK
[1454/8000] 038361... OK
[1455/8000] 038362... OK
[1456/8000] 038363... OK
[1457/8000] 038365... OK
[1458/8000] 038399... OK
[1459/8000] 038435... OK
[1460/8000] 038450... OK
[1461/8000] 038522... OK
[1462/8000] 038557... OK
[1463/8000] 038560... OK
[1464/8000] 038775... OK
[1465/8000] 038776... OK
[1466/8000] 038777... OK
[1467/8000] 038778... OK
[1468/8000] 038779... OK
[1469/8000] 038780... OK
[1470/8000] 038781... OK
[1471/8000] 038782... OK
[1472/8000] 038783... OK
[1473/8000] 038784... OK
[1474/8000] 038785... OK
[1475/8000] 038817... OK
[1476/8000] 038818... OK
[1477/8000] 038819... OK
[1478/8000] 038820... OK
[1479/8000] 038821... OK
[1480/8000] 038822... OK
[1481/8000] 038823... OK
[1482/8000] 038824... OK
[1483/8000] 038825... OK
[1484/8000] 038826... OK
[1485/8000] 038827... OK
[1486/8000] 038828... OK
[1487/8000] 038829... OK
[1488/8000] 038830... OK
[1489/8000] 038833... OK
[1490/8000] 038834... OK
[1491/8000] 038847... OK
[1492/8000] 038859... OK
[1493/8000] 038878... OK
[1494/8000] 038879... OK
[1495/8000] 038880... OK
[1496/8000] 038881... OK
[1497/8000] 038882... OK
[1498/8000] 038884... OK
[1499/8000] 038886... OK
[1500/8000] 038887... OK
[1501/8000] 038888... OK
[1502/8000] 038890... OK
[1503/8000] 038891... OK
[1504/8000] 038892... OK
[1505/8000] 038893... OK
[1506/8000] 038894... OK
[1507/8000] 038895... OK
[1508/8000] 038896... OK
[1509/8000] 038898... OK
[1510/8000] 038899... OK
[1511/8000] 038900... OK
[1512/8000] 038901... OK
[1513/8000] 038902... OK
[1514/8000] 038904... OK
[1515/8000] 038905... OK
[1516/8000] 038906... OK
[1517/8000] 038907... OK
[1518/8000] 038908... OK
[1519/8000] 038910... OK
[1520/8000] 038911... OK
[1521/8000] 038912... OK
[1522/8000] 038914... OK
[1523/8000] 038955... OK
[1524/8000] 038961... OK
[1525/8000] 038964... OK
[1526/8000] 038965... OK
[1527/8000] 038966... OK
[1528/8000] 038967... OK
[1529/8000] 039188... OK
[1530/8000] 039259... OK
[1531/8000] 039278... OK
[1532/8000] 039291... OK
[1533/8000] 039298... OK
[1534/8000] 039316... OK
[1535/8000] 039317... OK
[1536/8000] 039318... OK
[1537/8000] 039357... OK
[1538/8000] 039359... OK
[1539/8000] 039378... OK
[1540/8000] 039484... OK
[1541/8000] 039488... OK
[1542/8000] 039530... OK
[1543/8000] 039605... OK
[1544/8000] 039607... OK
[1545/8000] 039658... OK
[1546/8000] 039659... OK
[1547/8000] 039660... OK
[1548/8000] 039661... OK
[1549/8000] 039662... OK
[1550/8000] 039663... OK
[1551/8000] 039664... OK
[1552/8000] 039665... OK
[1553/8000] 039666... OK
[1554/8000] 039667... OK
[1555/8000] 039875... OK
[1556/8000] 039900... OK
[1557/8000] 039904... OK
[1558/8000] 040121... OK
[1559/8000] 040122... OK
[1560/8000] 040123... OK
[1561/8000] 040133... OK
[1562/8000] 040134... OK
[1563/8000] 040139... OK
[1564/8000] 040141... OK
[1565/8000] 040147... OK
[1566/8000] 040161... OK
[1567/8000] 040180... OK
[1568/8000] 040182... OK
[1569/8000] 040229... OK
[1570/8000] 040230... OK
[1571/8000] 040231... OK
[1572/8000] 040232... OK
[1573/8000] 040233... OK
[1574/8000] 040234... OK
[1575/8000] 040235... OK
[1576/8000] 040236... OK
[1577/8000] 040237... OK
[1578/8000] 040238... OK
[1579/8000] 040239... OK
[1580/8000] 040240... OK
[1581/8000] 040241... OK
[1582/8000] 040242... OK
[1583/8000] 040243... OK
[1584/8000] 040244... OK
[1585/8000] 040245... OK
[1586/8000] 040250... OK
[1587/8000] 040509... OK
[1588/8000] 040525... OK
[1589/8000] 040541... OK
[1590/8000] 040542... OK
[1591/8000] 040598... OK
[1592/8000] 040654... OK
[1593/8000] 040655... OK
[1594/8000] 040656... OK
[1595/8000] 040657... OK
[1596/8000] 040658... OK
[1597/8000] 040659... OK
[1598/8000] 040660... OK
[1599/8000] 040683... OK
[1600/8000] 040725... OK
[1601/8000] 040842... OK
[1602/8000] 040843... OK
[1603/8000] 040844... OK
[1604/8000] 040845... OK
[1605/8000] 040851... OK
[1606/8000] 040903... OK
[1607/8000] 040908... OK
[1608/8000] 040909... OK
[1609/8000] 040938... OK
[1610/8000] 040940... OK
[1611/8000] 040984... OK
[1612/8000] 040985... OK
[1613/8000] 040986... OK
[1614/8000] 041018... OK
[1615/8000] 041019... OK
[1616/8000] 041020... OK
[1617/8000] 041054... OK
[1618/8000] 041095... OK
[1619/8000] 041147... OK
[1620/8000] 041191... OK
[1621/8000] 041192... OK
[1622/8000] 041310... OK
[1623/8000] 041381... OK
[1624/8000] 041568... OK
[1625/8000] 041570... OK
[1626/8000] 041573... OK
[1627/8000] 041605... OK
[1628/8000] 041709... OK
[1629/8000] 041714... OK
[1630/8000] 041812... OK
[1631/8000] 041819... OK
[1632/8000] 041820... OK
[1633/8000] 041825... OK
[1634/8000] 041961... OK
[1635/8000] 041962... OK
[1636/8000] 041965... OK
[1637/8000] 041971... OK
[1638/8000] 041983... OK
[1639/8000] 042014... OK
[1640/8000] 042016... OK
[1641/8000] 042017... OK
[1642/8000] 042018... OK
[1643/8000] 042019... OK
[1644/8000] 042020... OK
[1645/8000] 042023... OK
[1646/8000] 042025... OK
[1647/8000] 042029... OK
[1648/8000] 042030... OK
[1649/8000] 042031... OK
[1650/8000] 042040... OK
[1651/8000] 042044... OK
[1652/8000] 042045... OK
[1653/8000] 042046... OK
[1654/8000] 042048... OK
[1655/8000] 042119... OK
[1656/8000] 042126... OK
[1657/8000] 042129... OK
[1658/8000] 042135... OK
[1659/8000] 042138... OK
[1660/8000] 042139... OK
[1661/8000] 042141... OK
[1662/8000] 042146... OK
[1663/8000] 042234... OK
[1664/8000] 042235... OK
[1665/8000] 042236... OK
[1666/8000] 042238... OK
[1667/8000] 042240... OK
[1668/8000] 042241... OK
[1669/8000] 042243... OK
[1670/8000] 042245... OK
[1671/8000] 042247... OK
[1672/8000] 042310... OK
[1673/8000] 042372... OK
[1674/8000] 042373... OK
[1675/8000] 042374... OK
[1676/8000] 042375... OK
[1677/8000] 042376... OK
[1678/8000] 042377... OK
[1679/8000] 042442... OK
[1680/8000] 042463... OK
[1681/8000] 042475... OK
[1682/8000] 042648... OK
[1683/8000] 042659... OK
[1684/8000] 042751... OK
[1685/8000] 042761... OK
[1686/8000] 042789... OK
[1687/8000] 042844... OK
[1688/8000] 042851... OK
[1689/8000] 042911... OK
[1690/8000] 042914... OK
[1691/8000] 042915... OK
[1692/8000] 042966... OK
[1693/8000] 042984... OK
[1694/8000] 043016... OK
[1695/8000] 043018... OK
[1696/8000] 043019... OK
[1697/8000] 043020... OK
[1698/8000] 043021... OK
[1699/8000] 043022... OK
[1700/8000] 043023... OK
[1701/8000] 043024... OK
[1702/8000] 043025... OK
[1703/8000] 043026... OK
[1704/8000] 043027... OK
[1705/8000] 043028... OK
[1706/8000] 043029... OK
[1707/8000] 043030... OK
[1708/8000] 043063... OK
[1709/8000] 043172... OK
[1710/8000] 043173... OK
[1711/8000] 043516... OK
[1712/8000] 043517... OK
[1713/8000] 043518... OK
[1714/8000] 043519... OK
[1715/8000] 043520... OK
[1716/8000] 043521... OK
[1717/8000] 043533... OK
[1718/8000] 043534... OK
[1719/8000] 043535... OK
[1720/8000] 043536... OK
[1721/8000] 043585... OK
[1722/8000] 043586... OK
[1723/8000] 043587... OK
[1724/8000] 043588... OK
[1725/8000] 043589... OK
[1726/8000] 043590... OK
[1727/8000] 043592... OK
[1728/8000] 043593... OK
[1729/8000] 043594... OK
[1730/8000] 043595... OK
[1731/8000] 043596... OK
[1732/8000] 043598... OK
[1733/8000] 043599... OK
[1734/8000] 043600... OK
[1735/8000] 043608... OK
[1736/8000] 043621... OK
[1737/8000] 043623... OK
[1738/8000] 043691... OK
[1739/8000] 043695... OK
[1740/8000] 043696... OK
[1741/8000] 043697... OK
[1742/8000] 043698... OK
[1743/8000] 043699... OK
[1744/8000] 043761... OK
[1745/8000] 043765... OK
[1746/8000] 043766... OK
[1747/8000] 043767... OK
[1748/8000] 043768... OK
[1749/8000] 043773... OK
[1750/8000] 043796... OK
[1751/8000] 043842... OK
[1752/8000] 043843... OK
[1753/8000] 043844... OK
[1754/8000] 043856... OK
[1755/8000] 043857... OK
[1756/8000] 043858... OK
[1757/8000] 043859... OK
[1758/8000] 043860... OK
[1759/8000] 043861... OK
[1760/8000] 043863... OK
[1761/8000] 043865... OK
[1762/8000] 043866... OK
[1763/8000] 043867... OK
[1764/8000] 043868... OK
[1765/8000] 043869... OK
[1766/8000] 043883... OK
[1767/8000] 043886... OK
[1768/8000] 043899... OK
[1769/8000] 043911... OK
[1770/8000] 043962... OK
[1771/8000] 043965... OK
[1772/8000] 044092... OK
[1773/8000] 044110... OK
[1774/8000] 044169... OK
[1775/8000] 044236... OK
[1776/8000] 044342... OK
[1777/8000] 044347... OK
[1778/8000] 044354... OK
[1779/8000] 044355... OK
[1780/8000] 044777... OK
[1781/8000] 044778... OK
[1782/8000] 044779... OK
[1783/8000] 044780... OK
[1784/8000] 044781... OK
[1785/8000] 044782... OK
[1786/8000] 044791... OK
[1787/8000] 044792... OK
[1788/8000] 044793... OK
[1789/8000] 044794... OK
[1790/8000] 044795... OK
[1791/8000] 044796... OK
[1792/8000] 044797... OK
[1793/8000] 044798... OK
[1794/8000] 044799... OK
[1795/8000] 044800... OK
[1796/8000] 044801... OK
[1797/8000] 044802... OK
[1798/8000] 044803... OK
[1799/8000] 044804... OK
[1800/8000] 044805... OK
[1801/8000] 044806... OK
[1802/8000] 044809... OK
[1803/8000] 044820... OK
[1804/8000] 044821... OK
[1805/8000] 044822... OK
[1806/8000] 044823... OK
[1807/8000] 044848... OK
[1808/8000] 044849... OK
[1809/8000] 044850... OK
[1810/8000] 044851... OK
[1811/8000] 044853... OK
[1812/8000] 044854... OK
[1813/8000] 044917... OK
[1814/8000] 044918... OK
[1815/8000] 044946... OK
[1816/8000] 044947... OK
[1817/8000] 044948... OK
[1818/8000] 044949... OK
[1819/8000] 044950... OK
[1820/8000] 044951... OK
[1821/8000] 044952... OK
[1822/8000] 045055... OK
[1823/8000] 045099... OK
[1824/8000] 045100... OK
[1825/8000] 045101... OK
[1826/8000] 045102... OK
[1827/8000] 045103... OK
[1828/8000] 045119... OK
[1829/8000] 045122... OK
[1830/8000] 045125... OK
[1831/8000] 045126... OK
[1832/8000] 045127... OK
[1833/8000] 045128... OK
[1834/8000] 045149... OK
[1835/8000] 045150... OK
[1836/8000] 045151... OK
[1837/8000] 045152... OK
[1838/8000] 045153... OK
[1839/8000] 045154... OK
[1840/8000] 045335... OK
[1841/8000] 045387... OK
[1842/8000] 045388... OK
[1843/8000] 045389... OK
[1844/8000] 045390... OK
[1845/8000] 045391... OK
[1846/8000] 045392... OK
[1847/8000] 045393... OK
[1848/8000] 045474... OK
[1849/8000] 045475... OK
[1850/8000] 045508... OK
[1851/8000] 045513... OK
[1852/8000] 045514... OK
[1853/8000] 045515... OK
[1854/8000] 045516... OK
[1855/8000] 045517... OK
[1856/8000] 045518... OK
[1857/8000] 045519... OK
[1858/8000] 045520... OK
[1859/8000] 045521... OK
[1860/8000] 045522... OK
[1861/8000] 045523... OK
[1862/8000] 045934... OK
[1863/8000] 045941... OK
[1864/8000] 046024... OK
[1865/8000] 046043... OK
[1866/8000] 046058... OK
[1867/8000] 046068... OK
[1868/8000] 046078... OK
[1869/8000] 046079... OK
[1870/8000] 046157... OK
[1871/8000] 046158... OK
[1872/8000] 046159... OK
[1873/8000] 046160... OK
[1874/8000] 046161... OK
[1875/8000] 046162... OK
[1876/8000] 046238... OK
[1877/8000] 046241... OK
[1878/8000] 046525... OK
[1879/8000] 046611... OK
[1880/8000] 046711... OK
[1881/8000] 046717... OK
[1882/8000] 046718... OK
[1883/8000] 046720... OK
[1884/8000] 046726... OK
[1885/8000] 046732... OK
[1886/8000] 046733... OK
[1887/8000] 046736... OK
[1888/8000] 046839... OK
[1889/8000] 046840... OK
[1890/8000] 046841... OK
[1891/8000] 046842... OK
[1892/8000] 046844... OK
[1893/8000] 046846... OK
[1894/8000] 046854... OK
[1895/8000] 046855... OK
[1896/8000] 046928... OK
[1897/8000] 046930... OK
[1898/8000] 047032... OK
[1899/8000] 047068... OK
[1900/8000] 047069... OK
[1901/8000] 047070... OK
[1902/8000] 047071... OK
[1903/8000] 047072... OK
[1904/8000] 047073... OK
[1905/8000] 047074... OK
[1906/8000] 047075... OK
[1907/8000] 047076... OK
[1908/8000] 047077... OK
[1909/8000] 047100... OK
[1910/8000] 047192... OK
[1911/8000] 047193... OK
[1912/8000] 047194... OK
[1913/8000] 047195... OK
[1914/8000] 047196... OK
[1915/8000] 047197... OK
[1916/8000] 047198... OK
[1917/8000] 047199... OK
[1918/8000] 047200... OK
[1919/8000] 047201... OK
[1920/8000] 047202... OK
[1921/8000] 047260... OK
[1922/8000] 047471... OK
[1923/8000] 047506... OK
[1924/8000] 047510... OK
[1925/8000] 047526... OK
[1926/8000] 047628... OK
[1927/8000] 047657... OK
[1928/8000] 047658... OK
[1929/8000] 047659... OK
[1930/8000] 047660... OK
[1931/8000] 047661... OK
[1932/8000] 047662... OK
[1933/8000] 047663... OK
[1934/8000] 047665... OK
[1935/8000] 047666... OK
[1936/8000] 047670... OK
[1937/8000] 047671... OK
[1938/8000] 047707... OK
[1939/8000] 047826... OK
[1940/8000] 047835... OK
[1941/8000] 047865... OK
[1942/8000] 047868... OK
[1943/8000] 047894... OK
[1944/8000] 047895... OK
[1945/8000] 047896... OK
[1946/8000] 047897... OK
[1947/8000] 047916... OK
[1948/8000] 047921... OK
[1949/8000] 048015... OK
[1950/8000] 048042... OK
[1951/8000] 048043... OK
[1952/8000] 048044... OK
[1953/8000] 048046... OK
[1954/8000] 048269... OK
[1955/8000] 048293... OK
[1956/8000] 048307... OK
[1957/8000] 048317... OK
[1958/8000] 048367... OK
[1959/8000] 048368... OK
[1960/8000] 048369... OK
[1961/8000] 048437... OK
[1962/8000] 048439... OK
[1963/8000] 048440... OK
[1964/8000] 048442... OK
[1965/8000] 048443... OK
[1966/8000] 048444... OK
[1967/8000] 048446... OK
[1968/8000] 048450... OK
[1969/8000] 048452... OK
[1970/8000] 048453... OK
[1971/8000] 048454... OK
[1972/8000] 048456... OK
[1973/8000] 048457... OK
[1974/8000] 048462... OK
[1975/8000] 048463... OK
[1976/8000] 048464... OK
[1977/8000] 048465... OK
[1978/8000] 048466... OK
[1979/8000] 048488... OK
[1980/8000] 048489... OK
[1981/8000] 048491... OK
[1982/8000] 048492... OK
[1983/8000] 048493... OK
[1984/8000] 048494... OK
[1985/8000] 048763... OK
[1986/8000] 048808... OK
[1987/8000] 048815... OK
[1988/8000] 048861... OK
[1989/8000] 048862... OK
[1990/8000] 048863... OK
[1991/8000] 048864... OK
[1992/8000] 048865... OK
[1993/8000] 048931... OK
[1994/8000] 048990... OK
[1995/8000] 048999... OK
[1996/8000] 049029... OK
[1997/8000] 049030... OK
[1998/8000] 049039... OK
[1999/8000] 049061... OK
[2000/8000] 049062... OK
[2001/8000] 049064... OK
[2002/8000] 049066... OK
[2003/8000] 049067... OK
[2004/8000] 049068... OK
[2005/8000] 049070... OK
[2006/8000] 049071... OK
[2007/8000] 049072... OK
[2008/8000] 049073... OK
[2009/8000] 049394... OK
[2010/8000] 049401... OK
[2011/8000] 049407... OK
[2012/8000] 049408... OK
[2013/8000] 049441... OK
[2014/8000] 049473... OK
[2015/8000] 049476... OK
[2016/8000] 049477... OK
[2017/8000] 049478... OK
[2018/8000] 049479... OK
[2019/8000] 049812... OK
[2020/8000] 049817... OK
[2021/8000] 049842... OK
[2022/8000] 049843... OK
[2023/8000] 049844... OK
[2024/8000] 049845... OK
[2025/8000] 049846... OK
[2026/8000] 049847... OK
[2027/8000] 049848... OK
[2028/8000] 049849... OK
[2029/8000] 049856... OK
[2030/8000] 049857... OK
[2031/8000] 050264... OK
[2032/8000] 050272... OK
[2033/8000] 050276... OK
[2034/8000] 050283... OK
[2035/8000] 050323... OK
[2036/8000] 050444... OK
[2037/8000] 050445... OK
[2038/8000] 050446... OK
[2039/8000] 050447... OK
[2040/8000] 050448... OK
[2041/8000] 050449... OK
[2042/8000] 050539... OK
[2043/8000] 050543... OK
[2044/8000] 050752... OK
[2045/8000] 050753... OK
[2046/8000] 050754... OK
[2047/8000] 050836... OK
[2048/8000] 050952... OK
[2049/8000] 050955... OK
[2050/8000] 050956... OK
[2051/8000] 051004... OK
[2052/8000] 051005... OK
[2053/8000] 051006... OK
[2054/8000] 051111... OK
[2055/8000] 051112... OK
[2056/8000] 051113... OK
[2057/8000] 051114... OK
[2058/8000] 051115... OK
[2059/8000] 051117... OK
[2060/8000] 051118... OK
[2061/8000] 051120... OK
[2062/8000] 051157... OK
[2063/8000] 051158... OK
[2064/8000] 051203... OK
[2065/8000] 051260... OK
[2066/8000] 051261... OK
[2067/8000] 051262... OK
[2068/8000] 051263... OK
[2069/8000] 051265... OK
[2070/8000] 051267... OK
[2071/8000] 051268... OK
[2072/8000] 051269... OK
[2073/8000] 051271... OK
[2074/8000] 051272... OK
[2075/8000] 051273... OK
[2076/8000] 051274... OK
[2077/8000] 051275... OK
[2078/8000] 051276... OK
[2079/8000] 051278... OK
[2080/8000] 051291... OK
[2081/8000] 051292... OK
[2082/8000] 051301... OK
[2083/8000] 051305... OK
[2084/8000] 051333... OK
[2085/8000] 051479... OK
[2086/8000] 051655... OK
[2087/8000] 051659... OK
[2088/8000] 051661... OK
[2089/8000] 051776... OK
[2090/8000] 051784... OK
[2091/8000] 051785... OK
[2092/8000] 051918... OK
[2093/8000] 051919... OK
[2094/8000] 051923... OK
[2095/8000] 051954... OK
[2096/8000] 051991... OK
[2097/8000] 051992... OK
[2098/8000] 051998... OK
[2099/8000] 051999... OK
[2100/8000] 052000... OK
[2101/8000] 052001... OK
[2102/8000] 052034... OK
[2103/8000] 052035... OK
[2104/8000] 052036... OK
[2105/8000] 052037... OK
[2106/8000] 052039... OK
[2107/8000] 052040... OK
[2108/8000] 052041... OK
[2109/8000] 052042... OK
[2110/8000] 052044... OK
[2111/8000] 052045... OK
[2112/8000] 052118... OK
[2113/8000] 052119... OK
[2114/8000] 052120... OK
[2115/8000] 052121... OK
[2116/8000] 052122... OK
[2117/8000] 052123... OK
[2118/8000] 052124... OK
[2119/8000] 052125... OK
[2120/8000] 052126... OK
[2121/8000] 052127... OK
[2122/8000] 052128... OK
[2123/8000] 052129... OK
[2124/8000] 052141... OK
[2125/8000] 052375... OK
[2126/8000] 052380... OK
[2127/8000] 052389... OK
[2128/8000] 052393... OK
[2129/8000] 052409... OK
[2130/8000] 052446... OK
[2131/8000] 052447... OK
[2132/8000] 052448... OK
[2133/8000] 052449... OK
[2134/8000] 052451... OK
[2135/8000] 052452... OK
[2136/8000] 052500... OK
[2137/8000] 052501... OK
[2138/8000] 052502... OK
[2139/8000] 052508... OK
[2140/8000] 052522... OK
[2141/8000] 052579... OK
[2142/8000] 052628... OK
[2143/8000] 052629... OK
[2144/8000] 052630... OK
[2145/8000] 052631... OK
[2146/8000] 052632... OK
[2147/8000] 052633... OK
[2148/8000] 052634... OK
[2149/8000] 052635... OK
[2150/8000] 052636... OK
[2151/8000] 052637... OK
[2152/8000] 052638... OK
[2153/8000] 052639... OK
[2154/8000] 052641... OK
[2155/8000] 052642... OK
[2156/8000] 052644... OK
[2157/8000] 052645... OK
[2158/8000] 052646... OK
[2159/8000] 052647... OK
[2160/8000] 052648... OK
[2161/8000] 052649... OK
[2162/8000] 052650... OK
[2163/8000] 052859... OK
[2164/8000] 052860... OK
[2165/8000] 052861... OK
[2166/8000] 052862... OK
[2167/8000] 052945... OK
[2168/8000] 052946... OK
[2169/8000] 052947... OK
[2170/8000] 052948... OK
[2171/8000] 052950... OK
[2172/8000] 052951... OK
[2173/8000] 052953... OK
[2174/8000] 052954... OK
[2175/8000] 052955... OK
[2176/8000] 053152... OK
[2177/8000] 053154... OK
[2178/8000] 053156... OK
[2179/8000] 053157... OK
[2180/8000] 053158... OK
[2181/8000] 053159... OK
[2182/8000] 053160... OK
[2183/8000] 053228... OK
[2184/8000] 053229... OK
[2185/8000] 053299... OK
[2186/8000] 053300... OK
[2187/8000] 053301... OK
[2188/8000] 053302... OK
[2189/8000] 053379... OK
[2190/8000] 053381... OK
[2191/8000] 053457... OK
[2192/8000] 053496... OK
[2193/8000] 053576... OK
[2194/8000] 053578... OK
[2195/8000] 053586... OK
[2196/8000] 053587... OK
[2197/8000] 053588... OK
[2198/8000] 053589... OK
[2199/8000] 053591... OK
[2200/8000] 053592... OK
[2201/8000] 053675... OK
[2202/8000] 053723... OK
[2203/8000] 053724... OK
[2204/8000] 053725... OK
[2205/8000] 053726... OK
[2206/8000] 053727... OK
[2207/8000] 053728... OK
[2208/8000] 053729... OK
[2209/8000] 053807... OK
[2210/8000] 053862... OK
[2211/8000] 053863... OK
[2212/8000] 053937... OK
[2213/8000] 054019... OK
[2214/8000] 054031... OK
[2215/8000] 054032... OK
[2216/8000] 054033... OK
[2217/8000] 054034... OK
[2218/8000] 054037... OK
[2219/8000] 054039... OK
[2220/8000] 054061... OK
[2221/8000] 054062... OK
[2222/8000] 054063... OK
[2223/8000] 054064... OK
[2224/8000] 054149... OK
[2225/8000] 054150... OK
[2226/8000] 054151... OK
[2227/8000] 054152... OK
[2228/8000] 054153... OK
[2229/8000] 054154... OK
[2230/8000] 054155... OK
[2231/8000] 054156... OK
[2232/8000] 054158... OK
[2233/8000] 054159... OK
[2234/8000] 054160... OK
[2235/8000] 054163... OK
[2236/8000] 054234... OK
[2237/8000] 054235... OK
[2238/8000] 054236... OK
[2239/8000] 054237... OK
[2240/8000] 054297... OK
[2241/8000] 054335... OK
[2242/8000] 054365... OK
[2243/8000] 054376... OK
[2244/8000] 054433... OK
[2245/8000] 054436... OK
[2246/8000] 054437... OK
[2247/8000] 054438... OK
[2248/8000] 054442... OK
[2249/8000] 054443... OK
[2250/8000] 054463... OK
[2251/8000] 054464... OK
[2252/8000] 054465... OK
[2253/8000] 054466... OK
[2254/8000] 054467... OK
[2255/8000] 054468... OK
[2256/8000] 054469... OK
[2257/8000] 054470... OK
[2258/8000] 054475... OK
[2259/8000] 054476... OK
[2260/8000] 054479... OK
[2261/8000] 054480... OK
[2262/8000] 054481... OK
[2263/8000] 054482... OK
[2264/8000] 054496... OK
[2265/8000] 054554... OK
[2266/8000] 054568... OK
[2267/8000] 054570... OK
[2268/8000] 054576... OK
[2269/8000] 054578... OK
[2270/8000] 054580... OK
[2271/8000] 054621... OK
[2272/8000] 054623... OK
[2273/8000] 054624... OK
[2274/8000] 054625... OK
[2275/8000] 054626... OK
[2276/8000] 054662... OK
[2277/8000] 054664... OK
[2278/8000] 054665... OK
[2279/8000] 054666... OK
[2280/8000] 054667... OK
[2281/8000] 054703... OK
[2282/8000] 054719... OK
[2283/8000] 054735... OK
[2284/8000] 054753... OK
[2285/8000] 054874... OK
[2286/8000] 054942... OK
[2287/8000] 055076... OK
[2288/8000] 055097... OK
[2289/8000] 055100... OK
[2290/8000] 055101... OK
[2291/8000] 055102... OK
[2292/8000] 055113... OK
[2293/8000] 055119... OK
[2294/8000] 055120... OK
[2295/8000] 055121... OK
[2296/8000] 055122... OK
[2297/8000] 055123... OK
[2298/8000] 055124... OK
[2299/8000] 055149... OK
[2300/8000] 055183... OK
[2301/8000] 055186... OK
[2302/8000] 055231... OK
[2303/8000] 055232... OK
[2304/8000] 055233... OK
[2305/8000] 055234... OK
[2306/8000] 055235... OK
[2307/8000] 055236... OK
[2308/8000] 055237... OK
[2309/8000] 055238... OK
[2310/8000] 055240... OK
[2311/8000] 055241... OK
[2312/8000] 055242... OK
[2313/8000] 055285... OK
[2314/8000] 055286... OK
[2315/8000] 055287... OK
[2316/8000] 055288... OK
[2317/8000] 055289... OK
[2318/8000] 055290... OK
[2319/8000] 055291... OK
[2320/8000] 055292... OK
[2321/8000] 055293... OK
[2322/8000] 055294... OK
[2323/8000] 055295... OK
[2324/8000] 055402... OK
[2325/8000] 055430... OK
[2326/8000] 055436... OK
[2327/8000] 055437... OK
[2328/8000] 055480... OK
[2329/8000] 055481... OK
[2330/8000] 055549... OK
[2331/8000] 055572... OK
[2332/8000] 055709... OK
[2333/8000] 055710... OK
[2334/8000] 055711... OK
[2335/8000] 055712... OK
[2336/8000] 055713... OK
[2337/8000] 055714... OK
[2338/8000] 055715... OK
[2339/8000] 055716... OK
[2340/8000] 055717... OK
[2341/8000] 055718... OK
[2342/8000] 055719... OK
[2343/8000] 055782... OK
[2344/8000] 055783... OK
[2345/8000] 055786... OK
[2346/8000] 055807... OK
[2347/8000] 055808... OK
[2348/8000] 055809... OK
[2349/8000] 055810... OK
[2350/8000] 055811... OK
[2351/8000] 055826... OK
[2352/8000] 055827... OK
[2353/8000] 055828... OK
[2354/8000] 055830... OK
[2355/8000] 055831... OK
[2356/8000] 055832... OK
[2357/8000] 055833... OK
[2358/8000] 055900... OK
[2359/8000] 056010... OK
[2360/8000] 056015... OK
[2361/8000] 056020... OK
[2362/8000] 056028... OK
[2363/8000] 056029... OK
[2364/8000] 056030... OK
[2365/8000] 056031... OK
[2366/8000] 056033... OK
[2367/8000] 056034... OK
[2368/8000] 056036... OK
[2369/8000] 056247... OK
[2370/8000] 056248... OK
[2371/8000] 056249... OK
[2372/8000] 056273... OK
[2373/8000] 056274... OK
[2374/8000] 056275... OK
[2375/8000] 056460... OK
[2376/8000] 056465... OK
[2377/8000] 056466... OK
[2378/8000] 056467... OK
[2379/8000] 056468... OK
[2380/8000] 056469... OK
[2381/8000] 056470... OK
[2382/8000] 056471... OK
[2383/8000] 056472... OK
[2384/8000] 056474... OK
[2385/8000] 056493... OK
[2386/8000] 056495... OK
[2387/8000] 056496... OK
[2388/8000] 056497... OK
[2389/8000] 056498... OK
[2390/8000] 056499... OK
[2391/8000] 056516... OK
[2392/8000] 056517... OK
[2393/8000] 056518... OK
[2394/8000] 056519... OK
[2395/8000] 056520... OK
[2396/8000] 056521... OK
[2397/8000] 056523... OK
[2398/8000] 056552... OK
[2399/8000] 056559... OK
[2400/8000] 056639... OK
[2401/8000] 056640... OK
[2402/8000] 056641... OK
[2403/8000] 056645... OK
[2404/8000] 056646... OK
[2405/8000] 056648... OK
[2406/8000] 056649... OK
[2407/8000] 056650... OK
[2408/8000] 056651... OK
[2409/8000] 056686... OK
[2410/8000] 056687... OK
[2411/8000] 056688... OK
[2412/8000] 056689... OK
[2413/8000] 056690... OK
[2414/8000] 056691... OK
[2415/8000] 056692... OK
[2416/8000] 056693... OK
[2417/8000] 056694... OK
[2418/8000] 056695... OK
[2419/8000] 056696... OK
[2420/8000] 056795... OK
[2421/8000] 056796... OK
[2422/8000] 056797... OK
[2423/8000] 056798... OK
[2424/8000] 056799... OK
[2425/8000] 056800... OK
[2426/8000] 056801... OK
[2427/8000] 056802... OK
[2428/8000] 056803... OK
[2429/8000] 056804... OK
[2430/8000] 056805... OK
[2431/8000] 056874... OK
[2432/8000] 056888... OK
[2433/8000] 056895... OK
[2434/8000] 056929... OK
[2435/8000] 057078... OK
[2436/8000] 057164... OK
[2437/8000] 057175... OK
[2438/8000] 057176... OK
[2439/8000] 057177... OK
[2440/8000] 057178... OK
[2441/8000] 057179... OK
[2442/8000] 057180... OK
[2443/8000] 057271... OK
[2444/8000] 057272... OK
[2445/8000] 057273... OK
[2446/8000] 057274... OK
[2447/8000] 057344... OK
[2448/8000] 057360... OK
[2449/8000] 057371... OK
[2450/8000] 057417... OK
[2451/8000] 057418... OK
[2452/8000] 057435... OK
[2453/8000] 057437... OK
[2454/8000] 057439... OK
[2455/8000] 057440... OK
[2456/8000] 057442... OK
[2457/8000] 057500... OK
[2458/8000] 057540... OK
[2459/8000] 057569... OK
[2460/8000] 057626... OK
[2461/8000] 057627... OK
[2462/8000] 057628... OK
[2463/8000] 057629... OK
[2464/8000] 057630... OK
[2465/8000] 057639... OK
[2466/8000] 057640... OK
[2467/8000] 057648... OK
[2468/8000] 057658... OK
[2469/8000] 057661... OK
[2470/8000] 057662... OK
[2471/8000] 057663... OK
[2472/8000] 057665... OK
[2473/8000] 057691... OK
[2474/8000] 057697... OK
[2475/8000] 057819... OK
[2476/8000] 057820... OK
[2477/8000] 057821... OK
[2478/8000] 057822... OK
[2479/8000] 057823... OK
[2480/8000] 057891... OK
[2481/8000] 057892... OK
[2482/8000] 057936... OK
[2483/8000] 057937... OK
[2484/8000] 057938... OK
[2485/8000] 057939... OK
[2486/8000] 057943... OK
[2487/8000] 057968... OK
[2488/8000] 058052... OK
[2489/8000] 058053... OK
[2490/8000] 058054... OK
[2491/8000] 058060... OK
[2492/8000] 058061... OK
[2493/8000] 058063... OK
[2494/8000] 058068... OK
[2495/8000] 058070... OK
[2496/8000] 058115... OK
[2497/8000] 058116... OK
[2498/8000] 058117... OK
[2499/8000] 058135... OK
[2500/8000] 058140... OK
[2501/8000] 058161... OK
[2502/8000] 058162... OK
[2503/8000] 058164... OK
[2504/8000] 058166... OK
[2505/8000] 058169... OK
[2506/8000] 058170... OK
[2507/8000] 058173... OK
[2508/8000] 058174... OK
[2509/8000] 058207... OK
[2510/8000] 058212... OK
[2511/8000] 058213... OK
[2512/8000] 058215... OK
[2513/8000] 058221... OK
[2514/8000] 058225... OK
[2515/8000] 058333... OK
[2516/8000] 058334... OK
[2517/8000] 058341... OK
[2518/8000] 058474... OK
[2519/8000] 058539... OK
[2520/8000] 058540... OK
[2521/8000] 058541... OK
[2522/8000] 058542... OK
[2523/8000] 058543... OK
[2524/8000] 059078... OK
[2525/8000] 059373... OK
[2526/8000] 059374... OK
[2527/8000] 059443... OK
[2528/8000] 059445... OK
[2529/8000] 059446... OK
[2530/8000] 059448... OK
[2531/8000] 059449... OK
[2532/8000] 059451... OK
[2533/8000] 059454... OK
[2534/8000] 059561... OK
[2535/8000] 059562... OK
[2536/8000] 059581... OK
[2537/8000] 059653... OK
[2538/8000] 059654... OK
[2539/8000] 059656... OK
[2540/8000] 059657... OK
[2541/8000] 059658... OK
[2542/8000] 059659... OK
[2543/8000] 059660... OK
[2544/8000] 059663... OK
[2545/8000] 059664... OK
[2546/8000] 059666... OK
[2547/8000] 059667... OK
[2548/8000] 059669... OK
[2549/8000] 059671... OK
[2550/8000] 059673... OK
[2551/8000] 059675... OK
[2552/8000] 059676... OK
[2553/8000] 059677... OK
[2554/8000] 059678... OK
[2555/8000] 059679... OK
[2556/8000] 059680... OK
[2557/8000] 059681... OK
[2558/8000] 059682... OK
[2559/8000] 059683... OK
[2560/8000] 059684... OK
[2561/8000] 059685... OK
[2562/8000] 059686... OK
[2563/8000] 059687... OK
[2564/8000] 059688... OK
[2565/8000] 059695... OK
[2566/8000] 059702... OK
[2567/8000] 059706... OK
[2568/8000] 059707... OK
[2569/8000] 059708... OK
[2570/8000] 059709... OK
[2571/8000] 059710... OK
[2572/8000] 059711... OK
[2573/8000] 059718... OK
[2574/8000] 059719... OK
[2575/8000] 059720... OK
[2576/8000] 059721... OK
[2577/8000] 059723... OK
[2578/8000] 059724... OK
[2579/8000] 059725... OK
[2580/8000] 059726... OK
[2581/8000] 059727... OK
[2582/8000] 059823... OK
[2583/8000] 059876... OK
[2584/8000] 059930... OK
[2585/8000] 060037... OK
[2586/8000] 060038... OK
[2587/8000] 060041... OK
[2588/8000] 060042... OK
[2589/8000] 060045... OK
[2590/8000] 060048... OK
[2591/8000] 060074... OK
[2592/8000] 060143... OK
[2593/8000] 060144... OK
[2594/8000] 060145... OK
[2595/8000] 060146... OK
[2596/8000] 060170... OK
[2597/8000] 060317... OK
[2598/8000] 060331... OK
[2599/8000] 060472... OK
[2600/8000] 060474... OK
[2601/8000] 060476... OK
[2602/8000] 060477... OK
[2603/8000] 060478... OK
[2604/8000] 060510... OK
[2605/8000] 060533... OK
[2606/8000] 060534... OK
[2607/8000] 060535... OK
[2608/8000] 060536... OK
[2609/8000] 060537... OK
[2610/8000] 060544... OK
[2611/8000] 060547... OK
[2612/8000] 060548... OK
[2613/8000] 060549... OK
[2614/8000] 060736... OK
[2615/8000] 060753... OK
[2616/8000] 060754... OK
[2617/8000] 060755... OK
[2618/8000] 060756... OK
[2619/8000] 060757... OK
[2620/8000] 060758... OK
[2621/8000] 060775... OK
[2622/8000] 060776... OK
[2623/8000] 060777... OK
[2624/8000] 060857... OK
[2625/8000] 060864... OK
[2626/8000] 060865... OK
[2627/8000] 060871... OK
[2628/8000] 060872... OK
[2629/8000] 060873... OK
[2630/8000] 060874... OK
[2631/8000] 060875... OK
[2632/8000] 060994... OK
[2633/8000] 061006... OK
[2634/8000] 061007... OK
[2635/8000] 061008... OK
[2636/8000] 061010... OK
[2637/8000] 061011... OK
[2638/8000] 061012... OK
[2639/8000] 061013... OK
[2640/8000] 061159... OK
[2641/8000] 061160... OK
[2642/8000] 061161... OK
[2643/8000] 061172... OK
[2644/8000] 061174... OK
[2645/8000] 061175... OK
[2646/8000] 061452... OK
[2647/8000] 061453... OK
[2648/8000] 061491... OK
[2649/8000] 061492... OK
[2650/8000] 061493... OK
[2651/8000] 061587... OK
[2652/8000] 061589... OK
[2653/8000] 061591... OK
[2654/8000] 061592... OK
[2655/8000] 061668... OK
[2656/8000] 061670... OK
[2657/8000] 061679... OK
[2658/8000] 061734... OK
[2659/8000] 061736... OK
[2660/8000] 061742... OK
[2661/8000] 061814... OK
[2662/8000] 061820... OK
[2663/8000] 061821... OK
[2664/8000] 061884... OK
[2665/8000] 062001... OK
[2666/8000] 062003... OK
[2667/8000] 062005... OK
[2668/8000] 062007... OK
[2669/8000] 062163... OK
[2670/8000] 062164... OK
[2671/8000] 062165... OK
[2672/8000] 062180... OK
[2673/8000] 062183... OK
[2674/8000] 062184... OK
[2675/8000] 062185... OK
[2676/8000] 062186... OK
[2677/8000] 062187... OK
[2678/8000] 062188... OK
[2679/8000] 062189... OK
[2680/8000] 062190... OK
[2681/8000] 062191... OK
[2682/8000] 062192... OK
[2683/8000] 062193... OK
[2684/8000] 062194... OK
[2685/8000] 062195... OK
[2686/8000] 062196... OK
[2687/8000] 062337... OK
[2688/8000] 062426... OK
[2689/8000] 062436... OK
[2690/8000] 062445... OK
[2691/8000] 062446... OK
[2692/8000] 062448... OK
[2693/8000] 062449... OK
[2694/8000] 062450... OK
[2695/8000] 062452... OK
[2696/8000] 062458... OK
[2697/8000] 062525... OK
[2698/8000] 062526... OK
[2699/8000] 062527... OK
[2700/8000] 062528... OK
[2701/8000] 062529... OK
[2702/8000] 062531... OK
[2703/8000] 062532... OK
[2704/8000] 062533... OK
[2705/8000] 062534... OK
[2706/8000] 062586... OK
[2707/8000] 062589... OK
[2708/8000] 062591... OK
[2709/8000] 062592... OK
[2710/8000] 062594... OK
[2711/8000] 062595... OK
[2712/8000] 062596... OK
[2713/8000] 062655... OK
[2714/8000] 062671... OK
[2715/8000] 062742... OK
[2716/8000] 062748... OK
[2717/8000] 062749... OK
[2718/8000] 062750... OK
[2719/8000] 062751... OK
[2720/8000] 062753... OK
[2721/8000] 063043... OK
[2722/8000] 063044... OK
[2723/8000] 063045... OK
[2724/8000] 063064... OK
[2725/8000] 063065... OK
[2726/8000] 063117... OK
[2727/8000] 063149... OK
[2728/8000] 063159... OK
[2729/8000] 063161... OK
[2730/8000] 063191... OK
[2731/8000] 063208... OK
[2732/8000] 063224... OK
[2733/8000] 063226... OK
[2734/8000] 063250... OK
[2735/8000] 063251... OK
[2736/8000] 063252... OK
[2737/8000] 063253... OK
[2738/8000] 063255... OK
[2739/8000] 063257... OK
[2740/8000] 063258... OK
[2741/8000] 063287... OK
[2742/8000] 063289... OK
[2743/8000] 063290... OK
[2744/8000] 063291... OK
[2745/8000] 063292... OK
[2746/8000] 063456... OK
[2747/8000] 063457... OK
[2748/8000] 063470... OK
[2749/8000] 063471... OK
[2750/8000] 063472... OK
[2751/8000] 063626... OK
[2752/8000] 063655... OK
[2753/8000] 063733... OK
[2754/8000] 063747... OK
[2755/8000] 063755... OK
[2756/8000] 063757... OK
[2757/8000] 063770... OK
[2758/8000] 063789... OK
[2759/8000] 063803... OK
[2760/8000] 063804... OK
[2761/8000] 063805... OK
[2762/8000] 063874... OK
[2763/8000] 063900... OK
[2764/8000] 063908... OK
[2765/8000] 063922... OK
[2766/8000] 063936... OK
[2767/8000] 063999... OK
[2768/8000] 064005... OK
[2769/8000] 064006... OK
[2770/8000] 064007... OK
[2771/8000] 064008... OK
[2772/8000] 064009... OK
[2773/8000] 064035... OK
[2774/8000] 064078... OK
[2775/8000] 064079... OK
[2776/8000] 064091... OK
[2777/8000] 064093... OK
[2778/8000] 064247... OK
[2779/8000] 064248... OK
[2780/8000] 064249... OK
[2781/8000] 064252... OK
[2782/8000] 064253... OK
[2783/8000] 064331... OK
[2784/8000] 064332... OK
[2785/8000] 064333... OK
[2786/8000] 064334... OK
[2787/8000] 064338... OK
[2788/8000] 064364... OK
[2789/8000] 064365... OK
[2790/8000] 064366... OK
[2791/8000] 064407... OK
[2792/8000] 064408... OK
[2793/8000] 064409... OK
[2794/8000] 064410... OK
[2795/8000] 064515... OK
[2796/8000] 064516... OK
[2797/8000] 064517... OK
[2798/8000] 064519... OK
[2799/8000] 064520... OK
[2800/8000] 064521... OK
[2801/8000] 064522... OK
[2802/8000] 064523... OK
[2803/8000] 064535... OK
[2804/8000] 064536... OK
[2805/8000] 064537... OK
[2806/8000] 064538... OK
[2807/8000] 064542... OK
[2808/8000] 064553... OK
[2809/8000] 064556... OK
[2810/8000] 064567... OK
[2811/8000] 064590... OK
[2812/8000] 064591... OK
[2813/8000] 064592... OK
[2814/8000] 064593... OK
[2815/8000] 064594... OK
[2816/8000] 064601... OK
[2817/8000] 064604... OK
[2818/8000] 064618... OK
[2819/8000] 064625... OK
[2820/8000] 064626... OK
[2821/8000] 064627... OK
[2822/8000] 064628... OK
[2823/8000] 064629... OK
[2824/8000] 064630... OK
[2825/8000] 064631... OK
[2826/8000] 064659... OK
[2827/8000] 064787... OK
[2828/8000] 064788... OK
[2829/8000] 064789... OK
[2830/8000] 064796... OK
[2831/8000] 064809... OK
[2832/8000] 064834... OK
[2833/8000] 064840... OK
[2834/8000] 064841... OK
[2835/8000] 064854... OK
[2836/8000] 064855... OK
[2837/8000] 064856... OK
[2838/8000] 064857... OK
[2839/8000] 064858... OK
[2840/8000] 064859... OK
[2841/8000] 064860... OK
[2842/8000] 064861... OK
[2843/8000] 064862... OK
[2844/8000] 064863... OK
[2845/8000] 064864... OK
[2846/8000] 064865... OK
[2847/8000] 064866... OK
[2848/8000] 064893... OK
[2849/8000] 064895... OK
[2850/8000] 064896... OK
[2851/8000] 064918... OK
[2852/8000] 064919... OK
[2853/8000] 064988... OK
[2854/8000] 064989... OK
[2855/8000] 064990... OK
[2856/8000] 064991... OK
[2857/8000] 064992... OK
[2858/8000] 064993... OK
[2859/8000] 064994... OK
[2860/8000] 064995... OK
[2861/8000] 065037... OK
[2862/8000] 065038... OK
[2863/8000] 065039... OK
[2864/8000] 065040... OK
[2865/8000] 065063... OK
[2866/8000] 065064... OK
[2867/8000] 065073... OK
[2868/8000] 065076... OK
[2869/8000] 065077... OK
[2870/8000] 065090... OK
[2871/8000] 065234... OK
[2872/8000] 065265... OK
[2873/8000] 065488... OK
[2874/8000] 065619... OK
[2875/8000] 065683... OK
[2876/8000] 065685... OK
[2877/8000] 065745... OK
[2878/8000] 065752... OK
[2879/8000] 065755... OK
[2880/8000] 065756... OK
[2881/8000] 065777... OK
[2882/8000] 065779... OK
[2883/8000] 065780... OK
[2884/8000] 065893... OK
[2885/8000] 066058... OK
[2886/8000] 066073... OK
[2887/8000] 066074... OK
[2888/8000] 066075... OK
[2889/8000] 066076... OK
[2890/8000] 066180... OK
[2891/8000] 066187... OK
[2892/8000] 066390... OK
[2893/8000] 066394... OK
[2894/8000] 066405... OK
[2895/8000] 066469... OK
[2896/8000] 066482... OK
[2897/8000] 066483... OK
[2898/8000] 066525... OK
[2899/8000] 066534... OK
[2900/8000] 066535... OK
[2901/8000] 066536... OK
[2902/8000] 066537... OK
[2903/8000] 066538... OK
[2904/8000] 066539... OK
[2905/8000] 066636... OK
[2906/8000] 066637... OK
[2907/8000] 066638... OK
[2908/8000] 066641... OK
[2909/8000] 066643... OK
[2910/8000] 066644... OK
[2911/8000] 066646... OK
[2912/8000] 066648... OK
[2913/8000] 066649... OK
[2914/8000] 066650... OK
[2915/8000] 066689... OK
[2916/8000] 066690... OK
[2917/8000] 066717... OK
[2918/8000] 066757... OK
[2919/8000] 066782... OK
[2920/8000] 066783... OK
[2921/8000] 067007... OK
[2922/8000] 067010... OK
[2923/8000] 067011... OK
[2924/8000] 067016... OK
[2925/8000] 067017... OK
[2926/8000] 067121... OK
[2927/8000] 067163... OK
[2928/8000] 067232... OK
[2929/8000] 067233... OK
[2930/8000] 067235... OK
[2931/8000] 067237... OK
[2932/8000] 067308... OK
[2933/8000] 067330... OK
[2934/8000] 067331... OK
[2935/8000] 067332... OK
[2936/8000] 067333... OK
[2937/8000] 067334... OK
[2938/8000] 067336... OK
[2939/8000] 067357... OK
[2940/8000] 067358... OK
[2941/8000] 067359... OK
[2942/8000] 067360... OK
[2943/8000] 067361... OK
[2944/8000] 067362... OK
[2945/8000] 067363... OK
[2946/8000] 067364... OK
[2947/8000] 067365... OK
[2948/8000] 067366... OK
[2949/8000] 067367... OK
[2950/8000] 067368... OK
[2951/8000] 067412... OK
[2952/8000] 067457... OK
[2953/8000] 067470... OK
[2954/8000] 067500... OK
[2955/8000] 067553... OK
[2956/8000] 067556... OK
[2957/8000] 067557... OK
[2958/8000] 067558... OK
[2959/8000] 067597... OK
[2960/8000] 067598... OK
[2961/8000] 067600... OK
[2962/8000] 067637... OK
[2963/8000] 067638... OK
[2964/8000] 067639... OK
[2965/8000] 067640... OK
[2966/8000] 067660... OK
[2967/8000] 067661... OK
[2968/8000] 067673... OK
[2969/8000] 067707... OK
[2970/8000] 067760... OK
[2971/8000] 067763... OK
[2972/8000] 067764... OK
[2973/8000] 067765... OK
[2974/8000] 067766... OK
[2975/8000] 067784... OK
[2976/8000] 067793... OK
[2977/8000] 067829... OK
[2978/8000] 068353... OK
[2979/8000] 068354... OK
[2980/8000] 068355... OK
[2981/8000] 068356... OK
[2982/8000] 068404... OK
[2983/8000] 068407... OK
[2984/8000] 068410... OK
[2985/8000] 068444... OK
[2986/8000] 068531... OK
[2987/8000] 068536... OK
[2988/8000] 068537... OK
[2989/8000] 068538... OK
[2990/8000] 068539... OK
[2991/8000] 068540... OK
[2992/8000] 068541... OK
[2993/8000] 068543... OK
[2994/8000] 068549... OK
[2995/8000] 068551... OK
[2996/8000] 068573... OK
[2997/8000] 068579... OK
[2998/8000] 068582... OK
[2999/8000] 068587... OK
[3000/8000] 068592... OK
[3001/8000] 068600... OK
[3002/8000] 068601... OK
[3003/8000] 068680... OK
[3004/8000] 068682... OK
[3005/8000] 068683... OK
[3006/8000] 068820... OK
[3007/8000] 068821... OK
[3008/8000] 068837... OK
[3009/8000] 068838... OK
[3010/8000] 068839... OK
[3011/8000] 068840... OK
[3012/8000] 068841... OK
[3013/8000] 068842... OK
[3014/8000] 068843... OK
[3015/8000] 068844... OK
[3016/8000] 068851... OK
[3017/8000] 068852... OK
[3018/8000] 068853... OK
[3019/8000] 068854... OK
[3020/8000] 068860... OK
[3021/8000] 068861... OK
[3022/8000] 068862... OK
[3023/8000] 068869... OK
[3024/8000] 068872... OK
[3025/8000] 068875... OK
[3026/8000] 068891... OK
[3027/8000] 068892... OK
[3028/8000] 068893... OK
[3029/8000] 068894... OK
[3030/8000] 068895... OK
[3031/8000] 068896... OK
[3032/8000] 068897... OK
[3033/8000] 068898... OK
[3034/8000] 068899... OK
[3035/8000] 068909... OK
[3036/8000] 069001... OK
[3037/8000] 069002... OK
[3038/8000] 069170... OK
[3039/8000] 069181... OK
[3040/8000] 069182... OK
[3041/8000] 069188... OK
[3042/8000] 069193... OK
[3043/8000] 069194... OK
[3044/8000] 069195... OK
[3045/8000] 069196... OK
[3046/8000] 069197... OK
[3047/8000] 069198... OK
[3048/8000] 069199... OK
[3049/8000] 069200... OK
[3050/8000] 069201... OK
[3051/8000] 069202... OK
[3052/8000] 069203... OK
[3053/8000] 069204... OK
[3054/8000] 069205... OK
[3055/8000] 069206... OK
[3056/8000] 069207... OK
[3057/8000] 069208... OK
[3058/8000] 069209... OK
[3059/8000] 069210... OK
[3060/8000] 069211... OK
[3061/8000] 069221... OK
[3062/8000] 069222... OK
[3063/8000] 069223... OK
[3064/8000] 069303... OK
[3065/8000] 069554... OK
[3066/8000] 069555... OK
[3067/8000] 069561... OK
[3068/8000] 069563... OK
[3069/8000] 069564... OK
[3070/8000] 069567... OK
[3071/8000] 069682... OK
[3072/8000] 069723... OK
[3073/8000] 069726... OK
[3074/8000] 069727... OK
[3075/8000] 069732... OK
[3076/8000] 069744... OK
[3077/8000] 069745... OK
[3078/8000] 069746... OK
[3079/8000] 069747... OK
[3080/8000] 069761... OK
[3081/8000] 069762... OK
[3082/8000] 069763... OK
[3083/8000] 069764... OK
[3084/8000] 069765... OK
[3085/8000] 069766... OK
[3086/8000] 069767... OK
[3087/8000] 069768... OK
[3088/8000] 069781... OK
[3089/8000] 069784... OK
[3090/8000] 069785... OK
[3091/8000] 069787... OK
[3092/8000] 069788... OK
[3093/8000] 069789... OK
[3094/8000] 069791... OK
[3095/8000] 069792... OK
[3096/8000] 069793... OK
[3097/8000] 069798... OK
[3098/8000] 069822... OK
[3099/8000] 069823... OK
[3100/8000] 069824... OK
[3101/8000] 069825... OK
[3102/8000] 069826... OK
[3103/8000] 069827... OK
[3104/8000] 069828... OK
[3105/8000] 069830... OK
[3106/8000] 069833... OK
[3107/8000] 069904... OK
[3108/8000] 069947... OK
[3109/8000] 069949... OK
[3110/8000] 069985... OK
[3111/8000] 070002... OK
[3112/8000] 070005... OK
[3113/8000] 070174... OK
[3114/8000] 070206... OK
[3115/8000] 070207... OK
[3116/8000] 070208... OK
[3117/8000] 070299... OK
[3118/8000] 070300... OK
[3119/8000] 070301... OK
[3120/8000] 070302... OK
[3121/8000] 070303... OK
[3122/8000] 070402... OK
[3123/8000] 070403... OK
[3124/8000] 070409... OK
[3125/8000] 070423... OK
[3126/8000] 070424... OK
[3127/8000] 070425... OK
[3128/8000] 070426... OK
[3129/8000] 070654... OK
[3130/8000] 070655... OK
[3131/8000] 070657... OK
[3132/8000] 070660... OK
[3133/8000] 070768... OK
[3134/8000] 070770... OK
[3135/8000] 070772... OK
[3136/8000] 070773... OK
[3137/8000] 070774... OK
[3138/8000] 070775... OK
[3139/8000] 070813... OK
[3140/8000] 070873... OK
[3141/8000] 070875... OK
[3142/8000] 070878... OK
[3143/8000] 070879... OK
[3144/8000] 071096... OK
[3145/8000] 071133... OK
[3146/8000] 071157... OK
[3147/8000] 071158... OK
[3148/8000] 071172... OK
[3149/8000] 071173... OK
[3150/8000] 071174... OK
[3151/8000] 071175... OK
[3152/8000] 071216... OK
[3153/8000] 071225... OK
[3154/8000] 071228... OK
[3155/8000] 071230... OK
[3156/8000] 071231... OK
[3157/8000] 071240... OK
[3158/8000] 071241... OK
[3159/8000] 071242... OK
[3160/8000] 071243... OK
[3161/8000] 071244... OK
[3162/8000] 071245... OK
[3163/8000] 071246... OK
[3164/8000] 071247... OK
[3165/8000] 071248... OK
[3166/8000] 071249... OK
[3167/8000] 071250... OK
[3168/8000] 071251... OK
[3169/8000] 071252... OK
[3170/8000] 071253... OK
[3171/8000] 071254... OK
[3172/8000] 071255... OK
[3173/8000] 071276... OK
[3174/8000] 071303... OK
[3175/8000] 071304... OK
[3176/8000] 071371... OK
[3177/8000] 071372... OK
[3178/8000] 071420... OK
[3179/8000] 071503... OK
[3180/8000] 071506... OK
[3181/8000] 071507... OK
[3182/8000] 071508... OK
[3183/8000] 071509... OK
[3184/8000] 071510... OK
[3185/8000] 071511... OK
[3186/8000] 071512... OK
[3187/8000] 071513... OK
[3188/8000] 071514... OK
[3189/8000] 071515... OK
[3190/8000] 071516... OK
[3191/8000] 071617... OK
[3192/8000] 071620... OK
[3193/8000] 071622... OK
[3194/8000] 071690... OK
[3195/8000] 071691... OK
[3196/8000] 071692... OK
[3197/8000] 071693... OK
[3198/8000] 071694... OK
[3199/8000] 071695... OK
[3200/8000] 071709... OK
[3201/8000] 071711... OK
[3202/8000] 071714... OK
[3203/8000] 071715... OK
[3204/8000] 071719... OK
[3205/8000] 071721... OK
[3206/8000] 071722... OK
[3207/8000] 071822... OK
[3208/8000] 071884... OK
[3209/8000] 071885... OK
[3210/8000] 071937... OK
[3211/8000] 071938... OK
[3212/8000] 072046... OK
[3213/8000] 072047... OK
[3214/8000] 072050... OK
[3215/8000] 072056... OK
[3216/8000] 072058... OK
[3217/8000] 072059... OK
[3218/8000] 072064... OK
[3219/8000] 072067... OK
[3220/8000] 072068... OK
[3221/8000] 072069... OK
[3222/8000] 072070... OK
[3223/8000] 072071... OK
[3224/8000] 072072... OK
[3225/8000] 072073... OK
[3226/8000] 072074... OK
[3227/8000] 072075... OK
[3228/8000] 072076... OK
[3229/8000] 072129... OK
[3230/8000] 072130... OK
[3231/8000] 072131... OK
[3232/8000] 072134... OK
[3233/8000] 072135... OK
[3234/8000] 072136... OK
[3235/8000] 072146... OK
[3236/8000] 072149... OK
[3237/8000] 072200... OK
[3238/8000] 072206... OK
[3239/8000] 072210... OK
[3240/8000] 072215... OK
[3241/8000] 072232... OK
[3242/8000] 072233... OK
[3243/8000] 072234... OK
[3244/8000] 072287... OK
[3245/8000] 072288... OK
[3246/8000] 072289... OK
[3247/8000] 072290... OK
[3248/8000] 072456... OK
[3249/8000] 072468... OK
[3250/8000] 072476... OK
[3251/8000] 072477... OK
[3252/8000] 072513... OK
[3253/8000] 072514... OK
[3254/8000] 072562... OK
[3255/8000] 072565... OK
[3256/8000] 072570... OK
[3257/8000] 072604... OK
[3258/8000] 072605... OK
[3259/8000] 072607... OK
[3260/8000] 072612... OK
[3261/8000] 072738... OK
[3262/8000] 072781... OK
[3263/8000] 072782... OK
[3264/8000] 072783... OK
[3265/8000] 072784... OK
[3266/8000] 072785... OK
[3267/8000] 072786... OK
[3268/8000] 072787... OK
[3269/8000] 072788... OK
[3270/8000] 072789... OK
[3271/8000] 072790... OK
[3272/8000] 072926... OK
[3273/8000] 072927... OK
[3274/8000] 072928... OK
[3275/8000] 072930... OK
[3276/8000] 073087... OK
[3277/8000] 073099... OK
[3278/8000] 073100... OK
[3279/8000] 073123... OK
[3280/8000] 073124... OK
[3281/8000] 073125... OK
[3282/8000] 073169... OK
[3283/8000] 073170... OK
[3284/8000] 073171... OK
[3285/8000] 073172... OK
[3286/8000] 073174... OK
[3287/8000] 073175... OK
[3288/8000] 073192... OK
[3289/8000] 073193... OK
[3290/8000] 073306... OK
[3291/8000] 073309... OK
[3292/8000] 073318... OK
[3293/8000] 073335... OK
[3294/8000] 073340... OK
[3295/8000] 073341... OK
[3296/8000] 073342... OK
[3297/8000] 073343... OK
[3298/8000] 073344... OK
[3299/8000] 073363... OK
[3300/8000] 073365... OK
[3301/8000] 073366... OK
[3302/8000] 073367... OK
[3303/8000] 073368... OK
[3304/8000] 073369... OK
[3305/8000] 073370... OK
[3306/8000] 073371... OK
[3307/8000] 073372... OK
[3308/8000] 073465... OK
[3309/8000] 073466... OK
[3310/8000] 073467... OK
[3311/8000] 073468... OK
[3312/8000] 073469... OK
[3313/8000] 073486... OK
[3314/8000] 073494... OK
[3315/8000] 073495... OK
[3316/8000] 073519... OK
[3317/8000] 073520... OK
[3318/8000] 073521... OK
[3319/8000] 073522... OK
[3320/8000] 073550... OK
[3321/8000] 073551... OK
[3322/8000] 073560... OK
[3323/8000] 073561... OK
[3324/8000] 073564... OK
[3325/8000] 073565... OK
[3326/8000] 073566... OK
[3327/8000] 073568... OK
[3328/8000] 073572... OK
[3329/8000] 073573... OK
[3330/8000] 073580... OK
[3331/8000] 073584... OK
[3332/8000] 073585... OK
[3333/8000] 073587... OK
[3334/8000] 073658... OK
[3335/8000] 073675... OK
[3336/8000] 073760... OK
[3337/8000] 073761... OK
[3338/8000] 073762... OK
[3339/8000] 073763... OK
[3340/8000] 073764... OK
[3341/8000] 073765... OK
[3342/8000] 073766... OK
[3343/8000] 073767... OK
[3344/8000] 073768... OK
[3345/8000] 073769... OK
[3346/8000] 073770... OK
[3347/8000] 073771... OK
[3348/8000] 073772... OK
[3349/8000] 073773... OK
[3350/8000] 073774... OK
[3351/8000] 073775... OK
[3352/8000] 073776... OK
[3353/8000] 073777... OK
[3354/8000] 073778... OK
[3355/8000] 073779... OK
[3356/8000] 073792... OK
[3357/8000] 073797... OK
[3358/8000] 073819... OK
[3359/8000] 073820... OK
[3360/8000] 073821... OK
[3361/8000] 073822... OK
[3362/8000] 073921... OK
[3363/8000] 074002... OK
[3364/8000] 074302... OK
[3365/8000] 074347... OK
[3366/8000] 074348... OK
[3367/8000] 074362... OK
[3368/8000] 074365... OK
[3369/8000] 074370... OK
[3370/8000] 074371... OK
[3371/8000] 074372... OK
[3372/8000] 074373... OK
[3373/8000] 074374... OK
[3374/8000] 074375... OK
[3375/8000] 074376... OK
[3376/8000] 074377... OK
[3377/8000] 074378... OK
[3378/8000] 074380... OK
[3379/8000] 074381... OK
[3380/8000] 074382... OK
[3381/8000] 074383... OK
[3382/8000] 074384... OK
[3383/8000] 074385... OK
[3384/8000] 074386... OK
[3385/8000] 074387... OK
[3386/8000] 074388... OK
[3387/8000] 074389... OK
[3388/8000] 074390... OK
[3389/8000] 074391... OK
[3390/8000] 074392... OK
[3391/8000] 074393... OK
[3392/8000] 074421... OK
[3393/8000] 074445... OK
[3394/8000] 074546... OK
[3395/8000] 074669... OK
[3396/8000] 074671... OK
[3397/8000] 074706... OK
[3398/8000] 074908... OK
[3399/8000] 074937... OK
[3400/8000] 074942... OK
[3401/8000] 074945... OK
[3402/8000] 074954... OK
[3403/8000] 074955... OK
[3404/8000] 074959... OK
[3405/8000] 074960... OK
[3406/8000] 075194... OK
[3407/8000] 075211... OK
[3408/8000] 075221... OK
[3409/8000] 075230... OK
[3410/8000] 075304... OK
[3411/8000] 075310... OK
[3412/8000] 075314... OK
[3413/8000] 075317... OK
[3414/8000] 075371... OK
[3415/8000] 075372... OK
[3416/8000] 075373... OK
[3417/8000] 075374... OK
[3418/8000] 075375... OK
[3419/8000] 075376... OK
[3420/8000] 075377... OK
[3421/8000] 075378... OK
[3422/8000] 075379... OK
[3423/8000] 075380... OK
[3424/8000] 075381... OK
[3425/8000] 075383... OK
[3426/8000] 075386... OK
[3427/8000] 075389... OK
[3428/8000] 075390... OK
[3429/8000] 075391... OK
[3430/8000] 075393... OK
[3431/8000] 075395... OK
[3432/8000] 075396... OK
[3433/8000] 075398... OK
[3434/8000] 075399... OK
[3435/8000] 075401... OK
[3436/8000] 075403... OK
[3437/8000] 075412... OK
[3438/8000] 075415... OK
[3439/8000] 075417... OK
[3440/8000] 075418... OK
[3441/8000] 075419... OK
[3442/8000] 075420... OK
[3443/8000] 075425... OK
[3444/8000] 075427... OK
[3445/8000] 075428... OK
[3446/8000] 075429... OK
[3447/8000] 075430... OK
[3448/8000] 075431... OK
[3449/8000] 075432... OK
[3450/8000] 075433... OK
[3451/8000] 075434... OK
[3452/8000] 075435... OK
[3453/8000] 075436... OK
[3454/8000] 075437... OK
[3455/8000] 075438... OK
[3456/8000] 075439... OK
[3457/8000] 075440... OK
[3458/8000] 075441... OK
[3459/8000] 075442... OK
[3460/8000] 075443... OK
[3461/8000] 075607... OK
[3462/8000] 075612... OK
[3463/8000] 075692... OK
[3464/8000] 075745... OK
[3465/8000] 075746... OK
[3466/8000] 075747... OK
[3467/8000] 075748... OK
[3468/8000] 075749... OK
[3469/8000] 075750... OK
[3470/8000] 075751... OK
[3471/8000] 075752... OK
[3472/8000] 075754... OK
[3473/8000] 075755... OK
[3474/8000] 075762... OK
[3475/8000] 075763... OK
[3476/8000] 075764... OK
[3477/8000] 075782... OK
[3478/8000] 075783... OK
[3479/8000] 075784... OK
[3480/8000] 075785... OK
[3481/8000] 075786... OK
[3482/8000] 075787... OK
[3483/8000] 075788... OK
[3484/8000] 075844... OK
[3485/8000] 075862... OK
[3486/8000] 075866... OK
[3487/8000] 075869... OK
[3488/8000] 075883... OK
[3489/8000] 075903... OK
[3490/8000] 075908... OK
[3491/8000] 075925... OK
[3492/8000] 075926... OK
[3493/8000] 075927... OK
[3494/8000] 075928... OK
[3495/8000] 075929... OK
[3496/8000] 075930... OK
[3497/8000] 075931... OK
[3498/8000] 075932... OK
[3499/8000] 075933... OK
[3500/8000] 075935... OK
[3501/8000] 075936... OK
[3502/8000] 075937... OK
[3503/8000] 075975... OK
[3504/8000] 076036... OK
[3505/8000] 076069... OK
[3506/8000] 076071... OK
[3507/8000] 076072... OK
[3508/8000] 076073... OK
[3509/8000] 076074... OK
[3510/8000] 076075... OK
[3511/8000] 076076... OK
[3512/8000] 076077... OK
[3513/8000] 076078... OK
[3514/8000] 076079... OK
[3515/8000] 076121... OK
[3516/8000] 076128... OK
[3517/8000] 076129... OK
[3518/8000] 076130... OK
[3519/8000] 076131... OK
[3520/8000] 076363... OK
[3521/8000] 076375... OK
[3522/8000] 076381... OK
[3523/8000] 076437... OK
[3524/8000] 076440... OK
[3525/8000] 076654... OK
[3526/8000] 076659... OK
[3527/8000] 077517... OK
[3528/8000] 077519... OK
[3529/8000] 077521... OK
[3530/8000] 077522... OK
[3531/8000] 077523... OK
[3532/8000] 077564... OK
[3533/8000] 077571... OK
[3534/8000] 077572... OK
[3535/8000] 077952... OK
[3536/8000] 078038... OK
[3537/8000] 078156... OK
[3538/8000] 078213... OK
[3539/8000] 078516... OK
[3540/8000] 078833... OK
[3541/8000] 078834... OK
[3542/8000] 078839... OK
[3543/8000] 078841... OK
[3544/8000] 078843... OK
[3545/8000] 078845... OK
[3546/8000] 078847... OK
[3547/8000] 078848... OK
[3548/8000] 078849... OK
[3549/8000] 078850... OK
[3550/8000] 078851... OK
[3551/8000] 078852... OK
[3552/8000] 078984... OK
[3553/8000] 078998... OK
[3554/8000] 079087... OK
[3555/8000] 079575... OK
[3556/8000] 079593... OK
[3557/8000] 079605... OK
[3558/8000] 079606... OK
[3559/8000] 079610... OK
[3560/8000] 079616... OK
[3561/8000] 079741... OK
[3562/8000] 079973... OK
[3563/8000] 079975... OK
[3564/8000] 079977... OK
[3565/8000] 079978... OK
[3566/8000] 079985... OK
[3567/8000] 079986... OK
[3568/8000] 079988... OK
[3569/8000] 079990... OK
[3570/8000] 079995... OK
[3571/8000] 080000... OK
[3572/8000] 080001... OK
[3573/8000] 080002... OK
[3574/8000] 080003... OK
[3575/8000] 080004... OK
[3576/8000] 080005... OK
[3577/8000] 080035... OK
[3578/8000] 080293... OK
[3579/8000] 080341... OK
[3580/8000] 080351... OK
[3581/8000] 080389... OK
[3582/8000] 080402... OK
[3583/8000] 080515... OK
[3584/8000] 080516... OK
[3585/8000] 080517... OK
[3586/8000] 080518... OK
[3587/8000] 080519... OK
[3588/8000] 080520... OK
[3589/8000] 080611... OK
[3590/8000] 080680... OK
[3591/8000] 080686... OK
[3592/8000] 080687... OK
[3593/8000] 080693... OK
[3594/8000] 080694... OK
[3595/8000] 080695... OK
[3596/8000] 080696... OK
[3597/8000] 080697... OK
[3598/8000] 080751... OK
[3599/8000] 080753... OK
[3600/8000] 080754... OK
[3601/8000] 080755... OK
[3602/8000] 080756... OK
[3603/8000] 080758... OK
[3604/8000] 080765... OK
[3605/8000] 080766... OK
[3606/8000] 080772... OK
[3607/8000] 080773... OK
[3608/8000] 080774... OK
[3609/8000] 080775... OK
[3610/8000] 080776... OK
[3611/8000] 080793... OK
[3612/8000] 080833... OK
[3613/8000] 080834... OK
[3614/8000] 080835... OK
[3615/8000] 080836... OK
[3616/8000] 081033... OK
[3617/8000] 081037... OK
[3618/8000] 081071... OK
[3619/8000] 081082... OK
[3620/8000] 081083... OK
[3621/8000] 081084... OK
[3622/8000] 081085... OK
[3623/8000] 081189... OK
[3624/8000] 081193... OK
[3625/8000] 081194... OK
[3626/8000] 081195... OK
[3627/8000] 081362... OK
[3628/8000] 081365... OK
[3629/8000] 081436... OK
[3630/8000] 081457... OK
[3631/8000] 081485... OK
[3632/8000] 081491... OK
[3633/8000] 081512... OK
[3634/8000] 081523... OK
[3635/8000] 081543... OK
[3636/8000] 081554... OK
[3637/8000] 081555... OK
[3638/8000] 081565... OK
[3639/8000] 081576... OK
[3640/8000] 081586... OK
[3641/8000] 081600... OK
[3642/8000] 081612... OK
[3643/8000] 081613... OK
[3644/8000] 081623... OK
[3645/8000] 081638... OK
[3646/8000] 081650... OK
[3647/8000] 081660... OK
[3648/8000] 081781... OK
[3649/8000] 081782... OK
[3650/8000] 081792... OK
[3651/8000] 081802... OK
[3652/8000] 081803... OK
[3653/8000] 081814... OK
[3654/8000] 081868... OK
[3655/8000] 081895... OK
[3656/8000] 081938... OK
[3657/8000] 081945... OK
[3658/8000] 081946... OK
[3659/8000] 081988... OK
[3660/8000] 081999... OK
[3661/8000] 082157... OK
[3662/8000] 082231... OK
[3663/8000] 082237... OK
[3664/8000] 082242... OK
[3665/8000] 082250... OK
[3666/8000] 082410... OK
[3667/8000] 082462... OK
[3668/8000] 082464... OK
[3669/8000] 082505... OK
[3670/8000] 082507... OK
[3671/8000] 082628... OK
[3672/8000] 082629... OK
[3673/8000] 082630... OK
[3674/8000] 082631... OK
[3675/8000] 082778... OK
[3676/8000] 082780... OK
[3677/8000] 082881... OK
[3678/8000] 082886... OK
[3679/8000] 082890... OK
[3680/8000] 082892... OK
[3681/8000] 082893... OK
[3682/8000] 082914... OK
[3683/8000] 082915... OK
[3684/8000] 082916... OK
[3685/8000] 082917... OK
[3686/8000] 082918... OK
[3687/8000] 082919... OK
[3688/8000] 082920... OK
[3689/8000] 082921... OK
[3690/8000] 082928... OK
[3691/8000] 082929... OK
[3692/8000] 082930... OK
[3693/8000] 082931... OK
[3694/8000] 082932... OK
[3695/8000] 083437... OK
[3696/8000] 083438... OK
[3697/8000] 083439... OK
[3698/8000] 083440... OK
[3699/8000] 083507... OK
[3700/8000] 083509... OK
[3701/8000] 083511... OK
[3702/8000] 083512... OK
[3703/8000] 083558... OK
[3704/8000] 083600... OK
[3705/8000] 083612... OK
[3706/8000] 083613... OK
[3707/8000] 083715... OK
[3708/8000] 083717... OK
[3709/8000] 083718... OK
[3710/8000] 083719... OK
[3711/8000] 083789... OK
[3712/8000] 083790... OK
[3713/8000] 083791... OK
[3714/8000] 083898... OK
[3715/8000] 083903... OK
[3716/8000] 083906... OK
[3717/8000] 083908... OK
[3718/8000] 083911... OK
[3719/8000] 083913... OK
[3720/8000] 083954... OK
[3721/8000] 083960... OK
[3722/8000] 083969... OK
[3723/8000] 084009... OK
[3724/8000] 084054... OK
[3725/8000] 084055... OK
[3726/8000] 084056... OK
[3727/8000] 084057... OK
[3728/8000] 084058... OK
[3729/8000] 084091... OK
[3730/8000] 084095... OK
[3731/8000] 084096... OK
[3732/8000] 084097... OK
[3733/8000] 084111... OK
[3734/8000] 084135... OK
[3735/8000] 084136... OK
[3736/8000] 084139... OK
[3737/8000] 084141... OK
[3738/8000] 084142... OK
[3739/8000] 084144... OK
[3740/8000] 084152... OK
[3741/8000] 084154... OK
[3742/8000] 084155... OK
[3743/8000] 084156... OK
[3744/8000] 084157... OK
[3745/8000] 084158... OK
[3746/8000] 084159... OK
[3747/8000] 084195... OK
[3748/8000] 084198... OK
[3749/8000] 084200... OK
[3750/8000] 084201... OK
[3751/8000] 084202... OK
[3752/8000] 084264... OK
[3753/8000] 084290... OK
[3754/8000] 084291... OK
[3755/8000] 084405... OK
[3756/8000] 084417... OK
[3757/8000] 084423... OK
[3758/8000] 084483... OK
[3759/8000] 084484... OK
[3760/8000] 084485... OK
[3761/8000] 084486... OK
[3762/8000] 084605... OK
[3763/8000] 084736... OK
[3764/8000] 084743... OK
[3765/8000] 084757... OK
[3766/8000] 084768... OK
[3767/8000] 084777... OK
[3768/8000] 084788... OK
[3769/8000] 084817... OK
[3770/8000] 085027... OK
[3771/8000] 085038... OK
[3772/8000] 085039... OK
[3773/8000] 085040... OK
[3774/8000] 085041... OK
[3775/8000] 085290... OK
[3776/8000] 085291... OK
[3777/8000] 085307... OK
[3778/8000] 085308... OK
[3779/8000] 085309... OK
[3780/8000] 085310... OK
[3781/8000] 085311... OK
[3782/8000] 085317... OK
[3783/8000] 085318... OK
[3784/8000] 085343... OK
[3785/8000] 085346... OK
[3786/8000] 085347... OK
[3787/8000] 085400... OK
[3788/8000] 085419... OK
[3789/8000] 085420... OK
[3790/8000] 085421... OK
[3791/8000] 085422... OK
[3792/8000] 085423... OK
[3793/8000] 085424... OK
[3794/8000] 085425... OK
[3795/8000] 085426... OK
[3796/8000] 085427... OK
[3797/8000] 085428... OK
[3798/8000] 085436... OK
[3799/8000] 085438... OK
[3800/8000] 085482... OK
[3801/8000] 085484... OK
[3802/8000] 085485... OK
[3803/8000] 085486... OK
[3804/8000] 085487... OK
[3805/8000] 085488... OK
[3806/8000] 085489... OK
[3807/8000] 085490... OK
[3808/8000] 085491... OK
[3809/8000] 085492... OK
[3810/8000] 085494... OK
[3811/8000] 085592... OK
[3812/8000] 085593... OK
[3813/8000] 085594... OK
[3814/8000] 085595... OK
[3815/8000] 085596... OK
[3816/8000] 085598... OK
[3817/8000] 085599... OK
[3818/8000] 085600... OK
[3819/8000] 085691... OK
[3820/8000] 085692... OK
[3821/8000] 085693... OK
[3822/8000] 085787... OK
[3823/8000] 085788... OK
[3824/8000] 085791... OK
[3825/8000] 085792... OK
[3826/8000] 085816... OK
[3827/8000] 085817... OK
[3828/8000] 085822... OK
[3829/8000] 085823... OK
[3830/8000] 085828... OK
[3831/8000] 085831... OK
[3832/8000] 085832... OK
[3833/8000] 085833... OK
[3834/8000] 085834... OK
[3835/8000] 085835... OK
[3836/8000] 085836... OK
[3837/8000] 085837... OK
[3838/8000] 085838... OK
[3839/8000] 085839... OK
[3840/8000] 085840... OK
[3841/8000] 085950... OK
[3842/8000] 085951... OK
[3843/8000] 085952... OK
[3844/8000] 085953... OK
[3845/8000] 085954... OK
[3846/8000] 085955... OK
[3847/8000] 085956... OK
[3848/8000] 085957... OK
[3849/8000] 085963... OK
[3850/8000] 085966... OK
[3851/8000] 085967... OK
[3852/8000] 085968... OK
[3853/8000] 085973... OK
[3854/8000] 086037... OK
[3855/8000] 086038... OK
[3856/8000] 086039... OK
[3857/8000] 086040... OK
[3858/8000] 086077... OK
[3859/8000] 086081... OK
[3860/8000] 086082... OK
[3861/8000] 086116... OK
[3862/8000] 086117... OK
[3863/8000] 086118... OK
[3864/8000] 086119... OK
[3865/8000] 086140... OK
[3866/8000] 086256... OK
[3867/8000] 086259... OK
[3868/8000] 086262... OK
[3869/8000] 086263... OK
[3870/8000] 086415... OK
[3871/8000] 086416... OK
[3872/8000] 086417... OK
[3873/8000] 086419... OK
[3874/8000] 086441... OK
[3875/8000] 086443... OK
[3876/8000] 086481... OK
[3877/8000] 086482... OK
[3878/8000] 086483... OK
[3879/8000] 086484... OK
[3880/8000] 086485... OK
[3881/8000] 086486... OK
[3882/8000] 086487... OK
[3883/8000] 086562... OK
[3884/8000] 086576... OK
[3885/8000] 086623... OK
[3886/8000] 086634... OK
[3887/8000] 086678... OK
[3888/8000] 086679... OK
[3889/8000] 086680... OK
[3890/8000] 086720... OK
[3891/8000] 086721... OK
[3892/8000] 086724... OK
[3893/8000] 086725... OK
[3894/8000] 086730... OK
[3895/8000] 086761... OK
[3896/8000] 086762... OK
[3897/8000] 086763... OK
[3898/8000] 086788... OK
[3899/8000] 086793... OK
[3900/8000] 086795... OK
[3901/8000] 086799... OK
[3902/8000] 086993... OK
[3903/8000] 087068... OK
[3904/8000] 087069... OK
[3905/8000] 087070... OK
[3906/8000] 087096... OK
[3907/8000] 087097... OK
[3908/8000] 087098... OK
[3909/8000] 087099... OK
[3910/8000] 087100... OK
[3911/8000] 087101... OK
[3912/8000] 087102... OK
[3913/8000] 087103... OK
[3914/8000] 087104... OK
[3915/8000] 087105... OK
[3916/8000] 087106... OK
[3917/8000] 087107... OK
[3918/8000] 087108... OK
[3919/8000] 087121... OK
[3920/8000] 087151... OK
[3921/8000] 087152... OK
[3922/8000] 087153... OK
[3923/8000] 087154... OK
[3924/8000] 087155... OK
[3925/8000] 087157... OK
[3926/8000] 087158... OK
[3927/8000] 087159... OK
[3928/8000] 087160... OK
[3929/8000] 087161... OK
[3930/8000] 087185... OK
[3931/8000] 087186... OK
[3932/8000] 087187... OK
[3933/8000] 087188... OK
[3934/8000] 087189... OK
[3935/8000] 087190... OK
[3936/8000] 087191... OK
[3937/8000] 087192... OK
[3938/8000] 087193... OK
[3939/8000] 087194... OK
[3940/8000] 087237... OK
[3941/8000] 087322... OK
[3942/8000] 087323... OK
[3943/8000] 087324... OK
[3944/8000] 087325... OK
[3945/8000] 087361... OK
[3946/8000] 087362... OK
[3947/8000] 087363... OK
[3948/8000] 087377... OK
[3949/8000] 087430... OK
[3950/8000] 087431... OK
[3951/8000] 087490... OK
[3952/8000] 087639... OK
[3953/8000] 087641... OK
[3954/8000] 087642... OK
[3955/8000] 087643... OK
[3956/8000] 087644... OK
[3957/8000] 087645... OK
[3958/8000] 087965... OK
[3959/8000] 087966... OK
[3960/8000] 087967... OK
[3961/8000] 087968... OK
[3962/8000] 087971... OK
[3963/8000] 087972... OK
[3964/8000] 088428... OK
[3965/8000] 088429... OK
[3966/8000] 088485... OK
[3967/8000] 088486... OK
[3968/8000] 088846... OK
[3969/8000] 088848... OK
[3970/8000] 088854... OK
[3971/8000] 088856... OK
[3972/8000] 088858... OK
[3973/8000] 088860... OK
[3974/8000] 088861... OK
[3975/8000] 088863... OK
[3976/8000] 088864... OK
[3977/8000] 088867... OK
[3978/8000] 088868... OK
[3979/8000] 088869... OK
[3980/8000] 088870... OK
[3981/8000] 088871... OK
[3982/8000] 088872... OK
[3983/8000] 088873... OK
[3984/8000] 088874... OK
[3985/8000] 088875... OK
[3986/8000] 088876... OK
[3987/8000] 088877... OK
[3988/8000] 088878... OK
[3989/8000] 088879... OK
[3990/8000] 088892... OK
[3991/8000] 088899... OK
[3992/8000] 088900... OK
[3993/8000] 088959... OK
[3994/8000] 088960... OK
[3995/8000] 089178... OK
[3996/8000] 089179... OK
[3997/8000] 089192... OK
[3998/8000] 089195... OK
[3999/8000] 089196... OK
[4000/8000] 089212... OK
[4001/8000] 089350... OK
[4002/8000] 089376... OK
[4003/8000] 089441... OK
[4004/8000] 089445... OK
[4005/8000] 089447... OK
[4006/8000] 089456... OK
[4007/8000] 089473... OK
[4008/8000] 089474... OK
[4009/8000] 089477... OK
[4010/8000] 089482... OK
[4011/8000] 089484... OK
[4012/8000] 089485... OK
[4013/8000] 089486... OK
[4014/8000] 089639... OK
[4015/8000] 089704... OK
[4016/8000] 089814... OK
[4017/8000] 089815... OK
[4018/8000] 089816... OK
[4019/8000] 089817... OK
[4020/8000] 089841... OK
[4021/8000] 089843... OK
[4022/8000] 089846... OK
[4023/8000] 089847... OK
[4024/8000] 089848... OK
[4025/8000] 089857... OK
[4026/8000] 089859... OK
[4027/8000] 089860... OK
[4028/8000] 089991... OK
[4029/8000] 089992... OK
[4030/8000] 090027... OK
[4031/8000] 090074... OK
[4032/8000] 090278... OK
[4033/8000] 090526... OK
[4034/8000] 090527... OK
[4035/8000] 090529... OK
[4036/8000] 090530... OK
[4037/8000] 090570... OK
[4038/8000] 090579... OK
[4039/8000] 090582... OK
[4040/8000] 090583... OK
[4041/8000] 090587... OK
[4042/8000] 090589... OK
[4043/8000] 090590... OK
[4044/8000] 090591... OK
[4045/8000] 090592... OK
[4046/8000] 090616... OK
[4047/8000] 090617... OK
[4048/8000] 090618... OK
[4049/8000] 090625... OK
[4050/8000] 090639... OK
[4051/8000] 090652... OK
[4052/8000] 090695... OK
[4053/8000] 090804... OK
[4054/8000] 090824... OK
[4055/8000] 090826... OK
[4056/8000] 090828... OK
[4057/8000] 090982... OK
[4058/8000] 090987... OK
[4059/8000] 090993... OK
[4060/8000] 091081... OK
[4061/8000] 091082... OK
[4062/8000] 091083... OK
[4063/8000] 091084... OK
[4064/8000] 091085... OK
[4065/8000] 091086... OK
[4066/8000] 091087... OK
[4067/8000] 091088... OK
[4068/8000] 091089... OK
[4069/8000] 091092... OK
[4070/8000] 091093... OK
[4071/8000] 091098... OK
[4072/8000] 091102... OK
[4073/8000] 091130... OK
[4074/8000] 091157... OK
[4075/8000] 091158... OK
[4076/8000] 091159... OK
[4077/8000] 091160... OK
[4078/8000] 091161... OK
[4079/8000] 091162... OK
[4080/8000] 091163... OK
[4081/8000] 091164... OK
[4082/8000] 091170... OK
[4083/8000] 091177... OK
[4084/8000] 091178... OK
[4085/8000] 091179... OK
[4086/8000] 091181... OK
[4087/8000] 091182... OK
[4088/8000] 091183... OK
[4089/8000] 091184... OK
[4090/8000] 091185... OK
[4091/8000] 091186... OK
[4092/8000] 091187... OK
[4093/8000] 091205... OK
[4094/8000] 091228... OK
[4095/8000] 091238... OK
[4096/8000] 091306... OK
[4097/8000] 091309... OK
[4098/8000] 091312... OK
[4099/8000] 091315... OK
[4100/8000] 091317... OK
[4101/8000] 091318... OK
[4102/8000] 091319... OK
[4103/8000] 091329... OK
[4104/8000] 091349... OK
[4105/8000] 091443... OK
[4106/8000] 091455... OK
[4107/8000] 091458... OK
[4108/8000] 091459... OK
[4109/8000] 091468... OK
[4110/8000] 091471... OK
[4111/8000] 091619... OK
[4112/8000] 091620... OK
[4113/8000] 091621... OK
[4114/8000] 091622... OK
[4115/8000] 091623... OK
[4116/8000] 091624... OK
[4117/8000] 091625... OK
[4118/8000] 091755... OK
[4119/8000] 091788... OK
[4120/8000] 091790... OK
[4121/8000] 091791... OK
[4122/8000] 091793... OK
[4123/8000] 091796... OK
[4124/8000] 091797... OK
[4125/8000] 091851... OK
[4126/8000] 091868... OK
[4127/8000] 091869... OK
[4128/8000] 091894... OK
[4129/8000] 091897... OK
[4130/8000] 091899... OK
[4131/8000] 091900... OK
[4132/8000] 091933... OK
[4133/8000] 091934... OK
[4134/8000] 091936... OK
[4135/8000] 091937... OK
[4136/8000] 091938... OK
[4137/8000] 091958... OK
[4138/8000] 091960... OK
[4139/8000] 092124... OK
[4140/8000] 092125... OK
[4141/8000] 092129... OK
[4142/8000] 092130... OK
[4143/8000] 092131... OK
[4144/8000] 092206... OK
[4145/8000] 092275... OK
[4146/8000] 092282... OK
[4147/8000] 092283... OK
[4148/8000] 092284... OK
[4149/8000] 092292... OK
[4150/8000] 092366... OK
[4151/8000] 092466... OK
[4152/8000] 092508... OK
[4153/8000] 092535... OK
[4154/8000] 092536... OK
[4155/8000] 092538... OK
[4156/8000] 092539... OK
[4157/8000] 092540... OK
[4158/8000] 092546... OK
[4159/8000] 092548... OK
[4160/8000] 092549... OK
[4161/8000] 092551... OK
[4162/8000] 092554... OK
[4163/8000] 092556... OK
[4164/8000] 092561... OK
[4165/8000] 092562... OK
[4166/8000] 092564... OK
[4167/8000] 092565... OK
[4168/8000] 092573... OK
[4169/8000] 092574... OK
[4170/8000] 092868... OK
[4171/8000] 092872... OK
[4172/8000] 092873... OK
[4173/8000] 092874... OK
[4174/8000] 092878... OK
[4175/8000] 092881... OK
[4176/8000] 092885... OK
[4177/8000] 092886... OK
[4178/8000] 092887... OK
[4179/8000] 092888... OK
[4180/8000] 092889... OK
[4181/8000] 092947... OK
[4182/8000] 092948... OK
[4183/8000] 092949... OK
[4184/8000] 092950... OK
[4185/8000] 092951... OK
[4186/8000] 092952... OK
[4187/8000] 092953... OK
[4188/8000] 092954... OK
[4189/8000] 092955... OK
[4190/8000] 093074... OK
[4191/8000] 093075... OK
[4192/8000] 093076... OK
[4193/8000] 093363... OK
[4194/8000] 093364... OK
[4195/8000] 093518... OK
[4196/8000] 093519... OK
[4197/8000] 093520... OK
[4198/8000] 093521... OK
[4199/8000] 093522... OK
[4200/8000] 093523... OK
[4201/8000] 093704... OK
[4202/8000] 093710... OK
[4203/8000] 093712... OK
[4204/8000] 093716... OK
[4205/8000] 093727... OK
[4206/8000] 093867... OK
[4207/8000] 093868... OK
[4208/8000] 093915... OK
[4209/8000] 093917... OK
[4210/8000] 093918... OK
[4211/8000] 093919... OK
[4212/8000] 093920... OK
[4213/8000] 093921... OK
[4214/8000] 093940... OK
[4215/8000] 093941... OK
[4216/8000] 093942... OK
[4217/8000] 093943... OK
[4218/8000] 093944... OK
[4219/8000] 093950... OK
[4220/8000] 093956... OK
[4221/8000] 093981... OK
[4222/8000] 093983... OK
[4223/8000] 093985... OK
[4224/8000] 093986... OK
[4225/8000] 094026... OK
[4226/8000] 094033... OK
[4227/8000] 094034... OK
[4228/8000] 094035... OK
[4229/8000] 094036... OK
[4230/8000] 094037... OK
[4231/8000] 094038... OK
[4232/8000] 094039... OK
[4233/8000] 094093... OK
[4234/8000] 094099... OK
[4235/8000] 094101... OK
[4236/8000] 094102... OK
[4237/8000] 094263... OK
[4238/8000] 094348... OK
[4239/8000] 094411... OK
[4240/8000] 094414... OK
[4241/8000] 094415... OK
[4242/8000] 094419... OK
[4243/8000] 094422... OK
[4244/8000] 094423... OK
[4245/8000] 094426... OK
[4246/8000] 094449... OK
[4247/8000] 094465... OK
[4248/8000] 094467... OK
[4249/8000] 094468... OK
[4250/8000] 094628... OK
[4251/8000] 094630... OK
[4252/8000] 094631... OK
[4253/8000] 094632... OK
[4254/8000] 094634... OK
[4255/8000] 094635... OK
[4256/8000] 094638... OK
[4257/8000] 094803... OK
[4258/8000] 095189... OK
[4259/8000] 095231... OK
[4260/8000] 095248... OK
[4261/8000] 095249... OK
[4262/8000] 095250... OK
[4263/8000] 095251... OK
[4264/8000] 095308... OK
[4265/8000] 095309... OK
[4266/8000] 095310... OK
[4267/8000] 095452... OK
[4268/8000] 095486... OK
[4269/8000] 095506... OK
[4270/8000] 095535... OK
[4271/8000] 095564... OK
[4272/8000] 095722... OK
[4273/8000] 095724... OK
[4274/8000] 095725... OK
[4275/8000] 095726... OK
[4276/8000] 095727... OK
[4277/8000] 095908... OK
[4278/8000] 095910... OK
[4279/8000] 095911... OK
[4280/8000] 095912... OK
[4281/8000] 095914... OK
[4282/8000] 095915... OK
[4283/8000] 096166... OK
[4284/8000] 096167... OK
[4285/8000] 096168... OK
[4286/8000] 096169... OK
[4287/8000] 096399... OK
[4288/8000] 096400... OK
[4289/8000] 096401... OK
[4290/8000] 096402... OK
[4291/8000] 096403... OK
[4292/8000] 096408... OK
[4293/8000] 096560... OK
[4294/8000] 096627... OK
[4295/8000] 096657... OK
[4296/8000] 096675... OK
[4297/8000] 096678... OK
[4298/8000] 096692... OK
[4299/8000] 096693... OK
[4300/8000] 096694... OK
[4301/8000] 096695... OK
[4302/8000] 096696... OK
[4303/8000] 096697... OK
[4304/8000] 096698... OK
[4305/8000] 096699... OK
[4306/8000] 096718... OK
[4307/8000] 096726... OK
[4308/8000] 096728... OK
[4309/8000] 096729... OK
[4310/8000] 096730... OK
[4311/8000] 096731... OK
[4312/8000] 096738... OK
[4313/8000] 096742... OK
[4314/8000] 096743... OK
[4315/8000] 096759... OK
[4316/8000] 096898... OK
[4317/8000] 096900... OK
[4318/8000] 096901... OK
[4319/8000] 096902... OK
[4320/8000] 096935... OK
[4321/8000] 096936... OK
[4322/8000] 096944... OK
[4323/8000] 096945... OK
[4324/8000] 096946... OK
[4325/8000] 097037... OK
[4326/8000] 097041... OK
[4327/8000] 097043... OK
[4328/8000] 097211... OK
[4329/8000] 097215... OK
[4330/8000] 097216... OK
[4331/8000] 097279... OK
[4332/8000] 097283... OK
[4333/8000] 097285... OK
[4334/8000] 097286... OK
[4335/8000] 097373... OK
[4336/8000] 097374... OK
[4337/8000] 097393... OK
[4338/8000] 097404... OK
[4339/8000] 097406... OK
[4340/8000] 097407... OK
[4341/8000] 097424... OK
[4342/8000] 097540... OK
[4343/8000] 097542... OK
[4344/8000] 097544... OK
[4345/8000] 097545... OK
[4346/8000] 097547... OK
[4347/8000] 097548... OK
[4348/8000] 097568... OK
[4349/8000] 097569... OK
[4350/8000] 097570... OK
[4351/8000] 097585... OK
[4352/8000] 097586... OK
[4353/8000] 097587... OK
[4354/8000] 097588... OK
[4355/8000] 097589... OK
[4356/8000] 097590... OK
[4357/8000] 097690... OK
[4358/8000] 097691... OK
[4359/8000] 097692... OK
[4360/8000] 097697... OK
[4361/8000] 097793... OK
[4362/8000] 097794... OK
[4363/8000] 097813... OK
[4364/8000] 097814... OK
[4365/8000] 097841... OK
[4366/8000] 097844... OK
[4367/8000] 097845... OK
[4368/8000] 097846... OK
[4369/8000] 097847... OK
[4370/8000] 097848... OK
[4371/8000] 097886... OK
[4372/8000] 097887... OK
[4373/8000] 097894... OK
[4374/8000] 097940... OK
[4375/8000] 097958... OK
[4376/8000] 097959... OK
[4377/8000] 097960... OK
[4378/8000] 097961... OK
[4379/8000] 097962... OK
[4380/8000] 097980... OK
[4381/8000] 097986... OK
[4382/8000] 097987... OK
[4383/8000] 097988... OK
[4384/8000] 097989... OK
[4385/8000] 098025... OK
[4386/8000] 098026... OK
[4387/8000] 098028... OK
[4388/8000] 098031... OK
[4389/8000] 098077... OK
[4390/8000] 098202... OK
[4391/8000] 098203... OK
[4392/8000] 098204... OK
[4393/8000] 098205... OK
[4394/8000] 098206... OK
[4395/8000] 098227... OK
[4396/8000] 098228... OK
[4397/8000] 098229... OK
[4398/8000] 098235... OK
[4399/8000] 098236... OK
[4400/8000] 098237... OK
[4401/8000] 098238... OK
[4402/8000] 098251... OK
[4403/8000] 098297... OK
[4404/8000] 098298... OK
[4405/8000] 098299... OK
[4406/8000] 098300... OK
[4407/8000] 098301... OK
[4408/8000] 098302... OK
[4409/8000] 098339... OK
[4410/8000] 098346... OK
[4411/8000] 098348... OK
[4412/8000] 098349... OK
[4413/8000] 098547... OK
[4414/8000] 098548... OK
[4415/8000] 098549... OK
[4416/8000] 098550... OK
[4417/8000] 098551... OK
[4418/8000] 098552... OK
[4419/8000] 098553... OK
[4420/8000] 098554... OK
[4421/8000] 098555... OK
[4422/8000] 098556... OK
[4423/8000] 098557... OK
[4424/8000] 098565... OK
[4425/8000] 098567... OK
[4426/8000] 098569... OK
[4427/8000] 098573... OK
[4428/8000] 098574... OK
[4429/8000] 098575... OK
[4430/8000] 098576... OK
[4431/8000] 098577... OK
[4432/8000] 098578... OK
[4433/8000] 098579... OK
[4434/8000] 098580... OK
[4435/8000] 098581... OK
[4436/8000] 098582... OK
[4437/8000] 098583... OK
[4438/8000] 098584... OK
[4439/8000] 098585... OK
[4440/8000] 098613... OK
[4441/8000] 098617... OK
[4442/8000] 098618... OK
[4443/8000] 098619... OK
[4444/8000] 098620... OK
[4445/8000] 098621... OK
[4446/8000] 098622... OK
[4447/8000] 098623... OK
[4448/8000] 098624... OK
[4449/8000] 098625... OK
[4450/8000] 098626... OK
[4451/8000] 098627... OK
[4452/8000] 098628... OK
[4453/8000] 098655... OK
[4454/8000] 098656... OK
[4455/8000] 098657... OK
[4456/8000] 098666... OK
[4457/8000] 098667... OK
[4458/8000] 098668... OK
[4459/8000] 098669... OK
[4460/8000] 098670... OK
[4461/8000] 098671... OK
[4462/8000] 098680... OK
[4463/8000] 098681... OK
[4464/8000] 098701... OK
[4465/8000] 098770... OK
[4466/8000] 098838... OK
[4467/8000] 099041... OK
[4468/8000] 099093... OK
[4469/8000] 099095... OK
[4470/8000] 099096... OK
[4471/8000] 099134... ERROR: 
[4472/8000] 099135... OK
[4473/8000] 099214... OK
[4474/8000] 099260... OK
[4475/8000] 099261... OK
[4476/8000] 099274... OK
[4477/8000] 099311... OK
[4478/8000] 099313... OK
[4479/8000] 099345... OK
[4480/8000] 099361... OK
[4481/8000] 099362... OK
[4482/8000] 099363... OK
[4483/8000] 099364... OK
[4484/8000] 099368... OK
[4485/8000] 099369... OK
[4486/8000] 099370... OK
[4487/8000] 099371... OK
[4488/8000] 099372... OK
[4489/8000] 099373... OK
[4490/8000] 099374... OK
[4491/8000] 099375... OK
[4492/8000] 099389... OK
[4493/8000] 099390... OK
[4494/8000] 099391... OK
[4495/8000] 099392... OK
[4496/8000] 099393... OK
[4497/8000] 099394... OK
[4498/8000] 099395... OK
[4499/8000] 099411... OK
[4500/8000] 099419... OK
[4501/8000] 099436... OK
[4502/8000] 099437... OK
[4503/8000] 099438... OK
[4504/8000] 099439... OK
[4505/8000] 099440... OK
[4506/8000] 099441... OK
[4507/8000] 099442... OK
[4508/8000] 099501... OK
[4509/8000] 099703... OK
[4510/8000] 099704... OK
[4511/8000] 099707... OK
[4512/8000] 100478... OK
[4513/8000] 100479... OK
[4514/8000] 100480... OK
[4515/8000] 100497... OK
[4516/8000] 100522... OK
[4517/8000] 100535... OK
[4518/8000] 100536... OK
[4519/8000] 100544... OK
[4520/8000] 100549... OK
[4521/8000] 100550... OK
[4522/8000] 100552... OK
[4523/8000] 100745... OK
[4524/8000] 100799... OK
[4525/8000] 100802... OK
[4526/8000] 100835... OK
[4527/8000] 100949... OK
[4528/8000] 100958... OK
[4529/8000] 100959... OK
[4530/8000] 100972... OK
[4531/8000] 100973... OK
[4532/8000] 100975... OK
[4533/8000] 100976... OK
[4534/8000] 101111... OK
[4535/8000] 101112... OK
[4536/8000] 101116... OK
[4537/8000] 101118... OK
[4538/8000] 101119... OK
[4539/8000] 101864... OK
[4540/8000] 101868... OK
[4541/8000] 101873... OK
[4542/8000] 101893... OK
[4543/8000] 101951... OK
[4544/8000] 102092... OK
[4545/8000] 102112... OK
[4546/8000] 102114... OK
[4547/8000] 102195... OK
[4548/8000] 103518... OK
[4549/8000] 103519... OK
[4550/8000] 103520... OK
[4551/8000] 103521... OK
[4552/8000] 103522... OK
[4553/8000] 103523... OK
[4554/8000] 103600... OK
[4555/8000] 103800... OK
[4556/8000] 103808... OK
[4557/8000] 104008... OK
[4558/8000] 104009... OK
[4559/8000] 104010... OK
[4560/8000] 104062... OK
[4561/8000] 104063... OK
[4562/8000] 104064... OK
[4563/8000] 104065... OK
[4564/8000] 104066... OK
[4565/8000] 104067... OK
[4566/8000] 104068... OK
[4567/8000] 104086... OK
[4568/8000] 104227... OK
[4569/8000] 104276... OK
[4570/8000] 104277... OK
[4571/8000] 104278... OK
[4572/8000] 104279... OK
[4573/8000] 104282... OK
[4574/8000] 104283... OK
[4575/8000] 104284... OK
[4576/8000] 104356... OK
[4577/8000] 104357... OK
[4578/8000] 104434... OK
[4579/8000] 104625... OK
[4580/8000] 104668... OK
[4581/8000] 104724... OK
[4582/8000] 104725... OK
[4583/8000] 104779... OK
[4584/8000] 104780... OK
[4585/8000] 105022... OK
[4586/8000] 105119... OK
[4587/8000] 105141... OK
[4588/8000] 105142... OK
[4589/8000] 105144... OK
[4590/8000] 105145... OK
[4591/8000] 105196... OK
[4592/8000] 105408... OK
[4593/8000] 105411... OK
[4594/8000] 105412... OK
[4595/8000] 105413... OK
[4596/8000] 105414... OK
[4597/8000] 105443... OK
[4598/8000] 105450... OK
[4599/8000] 105451... OK
[4600/8000] 105662... OK
[4601/8000] 105664... OK
[4602/8000] 105670... OK
[4603/8000] 105671... OK
[4604/8000] 105672... OK
[4605/8000] 105673... OK
[4606/8000] 105674... OK
[4607/8000] 105682... OK
[4608/8000] 105683... OK
[4609/8000] 105685... OK
[4610/8000] 105712... OK
[4611/8000] 105713... OK
[4612/8000] 105714... OK
[4613/8000] 105715... OK
[4614/8000] 105716... OK
[4615/8000] 105717... OK
[4616/8000] 105718... OK
[4617/8000] 105719... OK
[4618/8000] 105720... OK
[4619/8000] 105722... OK
[4620/8000] 105824... OK
[4621/8000] 105825... OK
[4622/8000] 105826... OK
[4623/8000] 105827... OK
[4624/8000] 105887... OK
[4625/8000] 105890... OK
[4626/8000] 105912... OK
[4627/8000] 105914... OK
[4628/8000] 105915... OK
[4629/8000] 105916... OK
[4630/8000] 105917... OK
[4631/8000] 105918... OK
[4632/8000] 105919... OK
[4633/8000] 105920... OK
[4634/8000] 106274... OK
[4635/8000] 106277... OK
[4636/8000] 106339... OK
[4637/8000] 106342... OK
[4638/8000] 106343... OK
[4639/8000] 106456... OK
[4640/8000] 106457... OK
[4641/8000] 106458... OK
[4642/8000] 106463... OK
[4643/8000] 106465... OK
[4644/8000] 106502... OK
[4645/8000] 106522... OK
[4646/8000] 106562... OK
[4647/8000] 106563... OK
[4648/8000] 106564... OK
[4649/8000] 106566... OK
[4650/8000] 106567... OK
[4651/8000] 106568... OK
[4652/8000] 106569... OK
[4653/8000] 106570... OK
[4654/8000] 106571... OK
[4655/8000] 106629... OK
[4656/8000] 106872... OK
[4657/8000] 106876... OK
[4658/8000] 106877... OK
[4659/8000] 106937... OK
[4660/8000] 106948... OK
[4661/8000] 106951... OK
[4662/8000] 106952... OK
[4663/8000] 106953... OK
[4664/8000] 106954... OK
[4665/8000] 106955... OK
[4666/8000] 106956... OK
[4667/8000] 107020... OK
[4668/8000] 107021... OK
[4669/8000] 107025... OK
[4670/8000] 107027... OK
[4671/8000] 107028... OK
[4672/8000] 107029... OK
[4673/8000] 107030... OK
[4674/8000] 107031... OK
[4675/8000] 107046... OK
[4676/8000] 107047... OK
[4677/8000] 107048... OK
[4678/8000] 107049... OK
[4679/8000] 107050... OK
[4680/8000] 107101... OK
[4681/8000] 107125... OK
[4682/8000] 107126... OK
[4683/8000] 107127... OK
[4684/8000] 107128... OK
[4685/8000] 107129... OK
[4686/8000] 107178... OK
[4687/8000] 107179... OK
[4688/8000] 107180... OK
[4689/8000] 107181... OK
[4690/8000] 107182... OK
[4691/8000] 107183... OK
[4692/8000] 107184... OK
[4693/8000] 107185... OK
[4694/8000] 107186... OK
[4695/8000] 107187... OK
[4696/8000] 107188... OK
[4697/8000] 107189... OK
[4698/8000] 107248... OK
[4699/8000] 107249... OK
[4700/8000] 107250... OK
[4701/8000] 107251... OK
[4702/8000] 107256... OK
[4703/8000] 107257... OK
[4704/8000] 107388... OK
[4705/8000] 107389... OK
[4706/8000] 107390... OK
[4707/8000] 107391... OK
[4708/8000] 107425... OK
[4709/8000] 107426... OK
[4710/8000] 107427... OK
[4711/8000] 107429... OK
[4712/8000] 107432... OK
[4713/8000] 107433... OK
[4714/8000] 107434... OK
[4715/8000] 107435... OK
[4716/8000] 107476... OK
[4717/8000] 107506... OK
[4718/8000] 107531... OK
[4719/8000] 107532... OK
[4720/8000] 107533... OK
[4721/8000] 107534... OK
[4722/8000] 107535... OK
[4723/8000] 107567... OK
[4724/8000] 107569... OK
[4725/8000] 107571... OK
[4726/8000] 107574... OK
[4727/8000] 107577... OK
[4728/8000] 107578... OK
[4729/8000] 107579... OK
[4730/8000] 107583... OK
[4731/8000] 107584... OK
[4732/8000] 107588... OK
[4733/8000] 107589... OK
[4734/8000] 107590... OK
[4735/8000] 107591... OK
[4736/8000] 107592... OK
[4737/8000] 107593... OK
[4738/8000] 107594... OK
[4739/8000] 107595... OK
[4740/8000] 107596... OK
[4741/8000] 107597... OK
[4742/8000] 107598... OK
[4743/8000] 107613... OK
[4744/8000] 107616... OK
[4745/8000] 107617... OK
[4746/8000] 107659... OK
[4747/8000] 107799... OK
[4748/8000] 107804... OK
[4749/8000] 107805... OK
[4750/8000] 107809... OK
[4751/8000] 107810... OK
[4752/8000] 107850... OK
[4753/8000] 107851... OK
[4754/8000] 107852... OK
[4755/8000] 107908... OK
[4756/8000] 107909... OK
[4757/8000] 107910... OK
[4758/8000] 107911... OK
[4759/8000] 107912... OK
[4760/8000] 107913... OK
[4761/8000] 107949... OK
[4762/8000] 107950... OK
[4763/8000] 107951... OK
[4764/8000] 107952... OK
[4765/8000] 107953... OK
[4766/8000] 107954... OK
[4767/8000] 107955... OK
[4768/8000] 107956... OK
[4769/8000] 107957... OK
[4770/8000] 108012... OK
[4771/8000] 108014... OK
[4772/8000] 108015... OK
[4773/8000] 108016... OK
[4774/8000] 108017... OK
[4775/8000] 108018... OK
[4776/8000] 108019... OK
[4777/8000] 108020... OK
[4778/8000] 108021... OK
[4779/8000] 108022... OK
[4780/8000] 108023... OK
[4781/8000] 108024... OK
[4782/8000] 108025... OK
[4783/8000] 108026... OK
[4784/8000] 108027... OK
[4785/8000] 108031... OK
[4786/8000] 108036... OK
[4787/8000] 108037... OK
[4788/8000] 108038... OK
[4789/8000] 108049... OK
[4790/8000] 108050... OK
[4791/8000] 108059... OK
[4792/8000] 108060... OK
[4793/8000] 108079... OK
[4794/8000] 108155... OK
[4795/8000] 108230... OK
[4796/8000] 108290... OK
[4797/8000] 108297... OK
[4798/8000] 108298... OK
[4799/8000] 108299... OK
[4800/8000] 108300... OK
[4801/8000] 108301... OK
[4802/8000] 108302... OK
[4803/8000] 108303... OK
[4804/8000] 108304... OK
[4805/8000] 108305... OK
[4806/8000] 108306... OK
[4807/8000] 108307... OK
[4808/8000] 108308... OK
[4809/8000] 108313... OK
[4810/8000] 108314... OK
[4811/8000] 108318... OK
[4812/8000] 108319... OK
[4813/8000] 108339... OK
[4814/8000] 108341... OK
[4815/8000] 108342... OK
[4816/8000] 108343... OK
[4817/8000] 108415... OK
[4818/8000] 108416... OK
[4819/8000] 108418... OK
[4820/8000] 108420... OK
[4821/8000] 108421... OK
[4822/8000] 108422... OK
[4823/8000] 108423... OK
[4824/8000] 108425... OK
[4825/8000] 108426... OK
[4826/8000] 108427... OK
[4827/8000] 108428... OK
[4828/8000] 108429... OK
[4829/8000] 108456... OK
[4830/8000] 108457... OK
[4831/8000] 108459... OK
[4832/8000] 108460... OK
[4833/8000] 108461... OK
[4834/8000] 108464... OK
[4835/8000] 108471... OK
[4836/8000] 108472... OK
[4837/8000] 108473... OK
[4838/8000] 108474... OK
[4839/8000] 108475... OK
[4840/8000] 108476... OK
[4841/8000] 108477... OK
[4842/8000] 108478... OK
[4843/8000] 108487... OK
[4844/8000] 108488... OK
[4845/8000] 108489... OK
[4846/8000] 108490... OK
[4847/8000] 108491... OK
[4848/8000] 108492... OK
[4849/8000] 108493... OK
[4850/8000] 108494... OK
[4851/8000] 108495... OK
[4852/8000] 108496... OK
[4853/8000] 108497... OK
[4854/8000] 108498... OK
[4855/8000] 108499... OK
[4856/8000] 108500... OK
[4857/8000] 108501... OK
[4858/8000] 108502... OK
[4859/8000] 108503... OK
[4860/8000] 108504... OK
[4861/8000] 108505... OK
[4862/8000] 108524... OK
[4863/8000] 108525... OK
[4864/8000] 108526... OK
[4865/8000] 108527... OK
[4866/8000] 108528... OK
[4867/8000] 108529... OK
[4868/8000] 108530... OK
[4869/8000] 108531... OK
[4870/8000] 108532... OK
[4871/8000] 108533... OK
[4872/8000] 108745... OK
[4873/8000] 108774... OK
[4874/8000] 108799... OK
[4875/8000] 108808... OK
[4876/8000] 108809... OK
[4877/8000] 108812... OK
[4878/8000] 108836... OK
[4879/8000] 108837... OK
[4880/8000] 108838... OK
[4881/8000] 108839... OK
[4882/8000] 108840... OK
[4883/8000] 108841... OK
[4884/8000] 108842... OK
[4885/8000] 108843... OK
[4886/8000] 108845... OK
[4887/8000] 108846... OK
[4888/8000] 108847... OK
[4889/8000] 108863... OK
[4890/8000] 108864... OK
[4891/8000] 108865... OK
[4892/8000] 108866... OK
[4893/8000] 108867... OK
[4894/8000] 108868... OK
[4895/8000] 108878... OK
[4896/8000] 108879... OK
[4897/8000] 108880... OK
[4898/8000] 108881... OK
[4899/8000] 108882... OK
[4900/8000] 108883... OK
[4901/8000] 108884... OK
[4902/8000] 108885... OK
[4903/8000] 108906... OK
[4904/8000] 108925... ERROR: 
[4905/8000] 108957... OK
[4906/8000] 108961... OK
[4907/8000] 108962... OK
[4908/8000] 108967... OK
[4909/8000] 108968... OK
[4910/8000] 108969... OK
[4911/8000] 108970... OK
[4912/8000] 108992... OK
[4913/8000] 109068... OK
[4914/8000] 109071... OK
[4915/8000] 109072... OK
[4916/8000] 109106... OK
[4917/8000] 109144... OK
[4918/8000] 109189... OK
[4919/8000] 109191... OK
[4920/8000] 109203... OK
[4921/8000] 109235... OK
[4922/8000] 109276... OK
[4923/8000] 109349... OK
[4924/8000] 109350... OK
[4925/8000] 109355... OK
[4926/8000] 109356... OK
[4927/8000] 109357... OK
[4928/8000] 109445... OK
[4929/8000] 109446... OK
[4930/8000] 109447... OK
[4931/8000] 109448... OK
[4932/8000] 109449... OK
[4933/8000] 109450... OK
[4934/8000] 109468... OK
[4935/8000] 109480... OK
[4936/8000] 109481... OK
[4937/8000] 109497... OK
[4938/8000] 109535... OK
[4939/8000] 109537... OK
[4940/8000] 109538... OK
[4941/8000] 109542... OK
[4942/8000] 109543... OK
[4943/8000] 109548... OK
[4944/8000] 109670... OK
[4945/8000] 109681... OK
[4946/8000] 109684... OK
[4947/8000] 109685... OK
[4948/8000] 109686... OK
[4949/8000] 109687... OK
[4950/8000] 109711... OK
[4951/8000] 109712... OK
[4952/8000] 109896... OK
[4953/8000] 109900... OK
[4954/8000] 109901... OK
[4955/8000] 109902... OK
[4956/8000] 109903... OK
[4957/8000] 109904... OK
[4958/8000] 109905... OK
[4959/8000] 109906... OK
[4960/8000] 109925... OK
[4961/8000] 109957... OK
[4962/8000] 109958... OK
[4963/8000] 109960... OK
[4964/8000] 109962... OK
[4965/8000] 109963... OK
[4966/8000] 109971... OK
[4967/8000] 109972... OK
[4968/8000] 109973... OK
[4969/8000] 109974... OK
[4970/8000] 109975... OK
[4971/8000] 109976... OK
[4972/8000] 109977... OK
[4973/8000] 109978... OK
[4974/8000] 110070... OK
[4975/8000] 110082... OK
[4976/8000] 110084... OK
[4977/8000] 110085... OK
[4978/8000] 110086... OK
[4979/8000] 110102... OK
[4980/8000] 110103... OK
[4981/8000] 110104... OK
[4982/8000] 110105... OK
[4983/8000] 110106... OK
[4984/8000] 110107... OK
[4985/8000] 110108... OK
[4986/8000] 110109... OK
[4987/8000] 110110... OK
[4988/8000] 110111... OK
[4989/8000] 110166... OK
[4990/8000] 110167... OK
[4991/8000] 110171... OK
[4992/8000] 110172... OK
[4993/8000] 110204... OK
[4994/8000] 110205... OK
[4995/8000] 110206... OK
[4996/8000] 110207... OK
[4997/8000] 110208... OK
[4998/8000] 110209... OK
[4999/8000] 110230... OK
[5000/8000] 110259... OK
[5001/8000] 110260... OK
[5002/8000] 110261... OK
[5003/8000] 110262... OK
[5004/8000] 110263... OK
[5005/8000] 110264... OK

Presupuesto de chunks alcanzado (100000).

=== REPORTE DE INGESTA (audio) ===
Tiempo total          : 40.29 min
Canciones con éxito   : 5003
Canciones con error   : 2
Chunks insertados     : 100000
Construyendo índice (audio) del codebook id=3...

--- ÍNDICE CONSTRUIDO ---
Chunks indexados     : 5003
Términos/visual words: 256
Postings totales     : 49018
Tiempo de build      : 964.0 ms
Tiempo de guardado   : 23.5 ms
Tamaño en disco      : 0.88 MB
Guardado en          : models\audio\index_audio.pkl
[INFO] Chunks de 'audio' en la BD: 100000 (escala declarada: 100k = 100000)
[INFO] Etiquetas de relevancia: 5003 sources, 8 clases.
[INFO] --queries vacío. Muestreando 5 consultas de la BD...
[INFO] Consultas seleccionadas: ['data\\raw\\fma_small\\064\\064592.mp3', 'data\\raw\\fma_small\\039\\039900.mp3', 'data\\raw\\fma_small\\087\\087099.mp3', 'data\\raw\\fma_small\\044\\044794.mp3', 'data\\raw\\fma_small\\069\\069203.mp3']

[INFO] Iniciando evaluación: 15 ejecuciones (5 consultas × 3 runs)
[INFO] Resultados ? results\100k\results_100k_audio_20260705_170757.csv

  ? [AUDIO] run=1 | q='data\\raw\\fma_small\\064\\064592.mp3'
   -> Cargando modelo K-Means global desde models\audio\kmeans_256_fma.joblib
     [VERIFICACIÓN] Índices usados por el Lado B (EXPLAIN): {'hnsw': ['idx_emb_audio_song_hnsw']}
     Lado A: 20.0 ms | Lado B: 37.9 ms | P@10 A/B: 0.00/0.00 | RR A/B: 0.00/1.00 | overlap: 0.00%
  ? [AUDIO] run=2 | q='data\\raw\\fma_small\\064\\064592.mp3'
   -> Cargando modelo K-Means global desde models\audio\kmeans_256_fma.joblib
     Lado A: 16.1 ms | Lado B: 10.2 ms | P@10 A/B: 0.00/0.00 | RR A/B: 0.00/1.00 | overlap: 0.00%
  ? [AUDIO] run=3 | q='data\\raw\\fma_small\\064\\064592.mp3'
   -> Cargando modelo K-Means global desde models\audio\kmeans_256_fma.joblib
     Lado A: 17.4 ms | Lado B: 9.7 ms | P@10 A/B: 0.00/0.00 | RR A/B: 0.00/1.00 | overlap: 0.00%
  ? [AUDIO] run=1 | q='data\\raw\\fma_small\\039\\039900.mp3'
   -> Cargando modelo K-Means global desde models\audio\kmeans_256_fma.joblib
     Lado A: 2.9 ms | Lado B: 9.5 ms | P@10 A/B: 0.33/0.44 | RR A/B: 1.00/1.00 | overlap: 50.00%
  ? [AUDIO] run=2 | q='data\\raw\\fma_small\\039\\039900.mp3'
   -> Cargando modelo K-Means global desde models\audio\kmeans_256_fma.joblib
     Lado A: 3.3 ms | Lado B: 8.9 ms | P@10 A/B: 0.33/0.44 | RR A/B: 1.00/1.00 | overlap: 50.00%
  ? [AUDIO] run=3 | q='data\\raw\\fma_small\\039\\039900.mp3'
   -> Cargando modelo K-Means global desde models\audio\kmeans_256_fma.joblib
     Lado A: 2.4 ms | Lado B: 9.1 ms | P@10 A/B: 0.33/0.44 | RR A/B: 1.00/1.00 | overlap: 50.00%
  ? [AUDIO] run=1 | q='data\\raw\\fma_small\\087\\087099.mp3'
   -> Cargando modelo K-Means global desde models\audio\kmeans_256_fma.joblib
     Lado A: 5.1 ms | Lado B: 8.9 ms | P@10 A/B: 0.56/0.67 | RR A/B: 0.50/1.00 | overlap: 20.00%
  ? [AUDIO] run=2 | q='data\\raw\\fma_small\\087\\087099.mp3'
   -> Cargando modelo K-Means global desde models\audio\kmeans_256_fma.joblib
     Lado A: 4.3 ms | Lado B: 8.9 ms | P@10 A/B: 0.56/0.67 | RR A/B: 0.50/1.00 | overlap: 20.00%
  ? [AUDIO] run=3 | q='data\\raw\\fma_small\\087\\087099.mp3'
   -> Cargando modelo K-Means global desde models\audio\kmeans_256_fma.joblib
     Lado A: 4.8 ms | Lado B: 11.0 ms | P@10 A/B: 0.56/0.67 | RR A/B: 0.50/1.00 | overlap: 20.00%
  ? [AUDIO] run=1 | q='data\\raw\\fma_small\\044\\044794.mp3'
   -> Cargando modelo K-Means global desde models\audio\kmeans_256_fma.joblib
     Lado A: 11.9 ms | Lado B: 10.0 ms | P@10 A/B: 0.20/0.22 | RR A/B: 0.00/1.00 | overlap: 0.00%
  ? [AUDIO] run=2 | q='data\\raw\\fma_small\\044\\044794.mp3'
   -> Cargando modelo K-Means global desde models\audio\kmeans_256_fma.joblib
     Lado A: 12.3 ms | Lado B: 8.7 ms | P@10 A/B: 0.20/0.22 | RR A/B: 0.00/1.00 | overlap: 0.00%
  ? [AUDIO] run=3 | q='data\\raw\\fma_small\\044\\044794.mp3'
   -> Cargando modelo K-Means global desde models\audio\kmeans_256_fma.joblib
     Lado A: 14.2 ms | Lado B: 9.4 ms | P@10 A/B: 0.20/0.22 | RR A/B: 0.00/1.00 | overlap: 0.00%
  ? [AUDIO] run=1 | q='data\\raw\\fma_small\\069\\069203.mp3'
   -> Cargando modelo K-Means global desde models\audio\kmeans_256_fma.joblib
     Lado A: 8.3 ms | Lado B: 9.1 ms | P@10 A/B: 0.00/0.11 | RR A/B: 0.00/1.00 | overlap: 50.00%
  ? [AUDIO] run=2 | q='data\\raw\\fma_small\\069\\069203.mp3'
   -> Cargando modelo K-Means global desde models\audio\kmeans_256_fma.joblib
     Lado A: 7.8 ms | Lado B: 10.0 ms | P@10 A/B: 0.00/0.11 | RR A/B: 0.00/1.00 | overlap: 50.00%
  ? [AUDIO] run=3 | q='data\\raw\\fma_small\\069\\069203.mp3'
   -> Cargando modelo K-Means global desde models\audio\kmeans_256_fma.joblib
     Lado A: 7.9 ms | Lado B: 8.1 ms | P@10 A/B: 0.00/0.11 | RR A/B: 0.00/1.00 | overlap: 50.00%

[OK] CSV guardado en: results\100k\results_100k_audio_20260705_170757.csv

?????????????????????? RESUMEN ??????????????????????
  Escala          : 100k (chunks reales: 100000)
  Modalidad       : audio
  Consultas totales: 15

  Latencia promedio  Lado A : 9.26 ms
  Latencia promedio  Lado B : 11.29 ms
  Throughput prom.   Lado A : 165.12 QPS
  Throughput prom.   Lado B : 101.68 QPS
  RAM delta prom.    Lado A : 0.0198 MB
  RAM delta prom.    Lado B : 0.0008 MB
  Mem pico prom.     Lado A : 0.2032 MB
  Mem pico prom.     Lado B : 0.0635 MB
  IO búsqueda        Lado A : 0.0000 MB (0 reads) — índice ya en RAM
  IO carga índice    Lado A : 1.16 MB (índice: 0.88 MB en disco)
  IO shared_hit prom Lado B : 422 bloques
  IO shared_read pro Lado B : 0 bloques
  MRR@10 prom.        Lado A : 30.00%
  MRR@10 prom.        Lado B : 100.00%
  Overlap@10 promedio : 24.00%
?????????????????????????????????????????????????????
[AVISO] --only-modality NO trunca la BD: si esta modalidad ya fue ingestada, habrá chunks duplicados. Usa --skip-ingest o una BD limpia.

########## ESCALA 100k (100000 chunks x 1 modalidad(es)) ##########

======================================================================
>>> Ingesta audio (100k)
    D:\multimodal-search\.venv\Scripts\python.exe -m scripts.ingest --modality audio --max-chunks 100000 --limit 999999 --hop-ms 1500
======================================================================

[OK] Ingesta audio (100k) completada en 40.4 min.

======================================================================
>>> Índice invertido audio
    D:\multimodal-search\.venv\Scripts\python.exe -m scripts.build_index --modality audio
======================================================================

[OK] Índice invertido audio completada en 0.1 min.

======================================================================
>>> Evaluación audio (100k)
    D:\multimodal-search\.venv\Scripts\python.exe -m scripts.evaluate_performance --modality audio --scale 100k --k 10 --runs 3 --n_queries 5 --output results/100k
======================================================================

[OK] Evaluación audio (100k) completada en 0.2 min.

########## ESCALA 100k COMPLETA en 40.8 min ##########
CSVs en: results/100k/  ?  genera gráficos con: python -m scripts.plot_results
Construyendo índice (text) del codebook id=1...

--- ÍNDICE CONSTRUIDO ---
Chunks indexados     : 100000
Términos/visual words: 5000
Postings totales     : 1257921
Tiempo de build      : 8237.5 ms
Tiempo de guardado   : 724.1 ms
Tamaño en disco      : 17.56 MB
Guardado en          : models\text\index_text.pkl
[INFO] Chunks de 'text' en la BD: 100000 (escala declarada: 100k = 100000)
[INFO] Etiquetas de relevancia: 16438 sources, 417 clases.
[INFO] --queries vacío. Muestreando 5 consultas de la BD...
[INFO] Consultas seleccionadas: ["All through my life of seasons  \nNo matter how far I long  \nAlways there's something missing inside  \nYearning to come back home", 'I need you to make me feel  \nI need you to make me feel  \nI need you to make me feel, whoa!', "A woman is a creature that has always been strange  \nJust when you're sure of one, you find she's gone and made a change  \nAnd took my change", "Pressing the needle in... I feel the sting, it's emerencia  \nInjecting blood... into the both of us...it's hot", "Workin', workin' up a black sweat  \nI'm workin', workin' up a black sweat  \nI'm workin'  \nWorkin' up a black sweat  \nWorkin', workin' up a black sweat  \nWorkin' up a black sweat  \nWorkin'"]

[INFO] Iniciando evaluación: 15 ejecuciones (5 consultas × 3 runs)
[INFO] Resultados ? results\100k\results_100k_text_20260705_170824.csv

  ? [TEXT] run=1 | q='All through my life of seasons  \nNo matter how far I long  \n'
     [VERIFICACIÓN] Índices usados por el Lado B (EXPLAIN): {'gin': ['idx_chunks_tsv_gin'], 'gist': ['idx_chunks_tsv_gist']}
     Lado A: 187.7 ms | Lado B: 192.0 ms | P@10 A/B: 0.00/0.00 | RR A/B: 1.00/1.00 | overlap: 10.00%
  ? [TEXT] run=2 | q='All through my life of seasons  \nNo matter how far I long  \n'
     Lado A: 104.0 ms | Lado B: 72.2 ms | P@10 A/B: 0.00/0.00 | RR A/B: 1.00/1.00 | overlap: 10.00%
  ? [TEXT] run=3 | q='All through my life of seasons  \nNo matter how far I long  \n'
     Lado A: 87.7 ms | Lado B: 95.2 ms | P@10 A/B: 0.00/0.00 | RR A/B: 1.00/1.00 | overlap: 10.00%
  ? [TEXT] run=1 | q='I need you to make me feel  \nI need you to make me feel  \nI '
     Lado A: 88.9 ms | Lado B: 37.6 ms | P@10 A/B: 0.00/0.00 | RR A/B: 1.00/1.00 | overlap: 20.00%
  ? [TEXT] run=2 | q='I need you to make me feel  \nI need you to make me feel  \nI '
     Lado A: 201.4 ms | Lado B: 41.5 ms | P@10 A/B: 0.00/0.00 | RR A/B: 1.00/1.00 | overlap: 20.00%
  ? [TEXT] run=3 | q='I need you to make me feel  \nI need you to make me feel  \nI '
     Lado A: 66.1 ms | Lado B: 44.7 ms | P@10 A/B: 0.00/0.00 | RR A/B: 1.00/1.00 | overlap: 20.00%
  ? [TEXT] run=1 | q='A woman is a creature that has always been strange  \nJust wh'
     Lado A: 80.0 ms | Lado B: 78.8 ms | P@10 A/B: 0.00/0.00 | RR A/B: 1.00/1.00 | overlap: 20.00%
  ? [TEXT] run=2 | q='A woman is a creature that has always been strange  \nJust wh'
     Lado A: 165.2 ms | Lado B: 74.5 ms | P@10 A/B: 0.00/0.00 | RR A/B: 1.00/1.00 | overlap: 20.00%
  ? [TEXT] run=3 | q='A woman is a creature that has always been strange  \nJust wh'
     Lado A: 80.6 ms | Lado B: 76.1 ms | P@10 A/B: 0.00/0.00 | RR A/B: 1.00/1.00 | overlap: 20.00%
  ? [TEXT] run=1 | q="Pressing the needle in... I feel the sting, it's emerencia  "
     Lado A: 44.8 ms | Lado B: 30.1 ms | P@10 A/B: 0.00/0.00 | RR A/B: 1.00/1.00 | overlap: 10.00%
  ? [TEXT] run=2 | q="Pressing the needle in... I feel the sting, it's emerencia  "
     Lado A: 48.6 ms | Lado B: 29.5 ms | P@10 A/B: 0.00/0.00 | RR A/B: 1.00/1.00 | overlap: 10.00%
  ? [TEXT] run=3 | q="Pressing the needle in... I feel the sting, it's emerencia  "
     Lado A: 135.0 ms | Lado B: 29.6 ms | P@10 A/B: 0.00/0.00 | RR A/B: 1.00/1.00 | overlap: 10.00%
  ? [TEXT] run=1 | q="Workin', workin' up a black sweat  \nI'm workin', workin' up "
     Lado A: 3.6 ms | Lado B: 43.8 ms | P@10 A/B: 0.00/0.00 | RR A/B: 1.00/1.00 | overlap: 10.00%
  ? [TEXT] run=2 | q="Workin', workin' up a black sweat  \nI'm workin', workin' up "
     Lado A: 4.4 ms | Lado B: 45.6 ms | P@10 A/B: 0.00/0.00 | RR A/B: 1.00/1.00 | overlap: 10.00%
  ? [TEXT] run=3 | q="Workin', workin' up a black sweat  \nI'm workin', workin' up "
     Lado A: 3.6 ms | Lado B: 43.8 ms | P@10 A/B: 0.00/0.00 | RR A/B: 1.00/1.00 | overlap: 10.00%

[OK] CSV guardado en: results\100k\results_100k_text_20260705_170824.csv

?????????????????????? RESUMEN ??????????????????????
  Escala          : 100k (chunks reales: 100000)
  Modalidad       : text
  Consultas totales: 15

  Latencia promedio  Lado A : 86.78 ms
  Latencia promedio  Lado B : 62.34 ms
  Throughput prom.   Lado A : 61.01 QPS
  Throughput prom.   Lado B : 20.69 QPS
  RAM delta prom.    Lado A : 3.7284 MB
  RAM delta prom.    Lado B : 0.0005 MB
  Mem pico prom.     Lado A : 4.7467 MB
  Mem pico prom.     Lado B : 0.0034 MB
  IO búsqueda        Lado A : 0.0000 MB (0 reads) — índice ya en RAM
  IO carga índice    Lado A : 17.63 MB (índice: 17.56 MB en disco)
  IO shared_hit prom Lado B : 6511 bloques
  IO shared_read pro Lado B : 0 bloques
  MRR@10 prom.        Lado A : 100.00%
  MRR@10 prom.        Lado B : 100.00%

  ?? GIN vs GiST (Lado B texto) ??
  Latencia GIN  : 62.34 ms | GiST: 95.16 ms
  QPS GIN       : 20.69 | GiST: 12.28
  MRR@10 GIN     : 100.00% | GiST: 100.00%
  IO hit/read GIN: 6511/0 bloques | GiST: 9066/0
  Overlap@10 promedio : 14.00%
?????????????????????????????????????????????????????

########## ESCALA 100k (100000 chunks x 1 modalidad(es)) ##########

[INFO] --skip-ingest: se asume BD ya cargada a esta escala.

======================================================================
>>> Índice invertido text
    D:\multimodal-search\.venv\Scripts\python.exe -m scripts.build_index --modality text
======================================================================

[OK] Índice invertido text completada en 0.2 min.

======================================================================
>>> Evaluación text (100k)
    D:\multimodal-search\.venv\Scripts\python.exe -m scripts.evaluate_performance --modality text --scale 100k --k 10 --runs 3 --n_queries 5 --output results/100k
======================================================================

[OK] Evaluación text (100k) completada en 0.4 min.

########## ESCALA 100k COMPLETA en 0.6 min ##########
CSVs en: results/100k/  ?  genera gráficos con: python -m scripts.plot_results
